[
{"id":"10433","author":[{"family":"Jønsson, Knud A., Rauri C. K. Bowie, Robert G. Moyle, Les Christidis, Janette A. Norman, et al."}],"issued":{"date-parts":[[2010]]},"title":"Historical biogeography of an Indo-Pacific passerine bird family (Pachycephalidae): different colonization patterns in the Indonesian and Melanesian archipelagos","container-title":"Journal of Biogeography, vol. 37, no. 2"},
{"id":"13215","author":[{"family":"McLaren, Ian A."}],"issued":{"date-parts":[[1981]]},"title":"The Incidence of Vagrant Landbirds on Nova Scotian Islands","container-title":"The Auk, vol. 98, no. 2"},
{"id":"4733","author":[{"family":"Banks, Richard C., C. Cicero, J. L. Dunn, A. W. Kratter, P. C. Rasmussen, J. V. Remsen, Jr., et al."}],"issued":{"date-parts":[[2002]]},"title":"Forty-third Supplement to the American Ornithologists' Union Check-List of North American Birds","container-title":"The Auk, vol. 119, no. 3"},
{"id":"13273","author":[{"family":"Rothschild"},{"family":"Walter"}],"issued":{"date-parts":[[1893]]},"title":"Descriptions of Three new Birds from the Sandwich Islands","container-title":"Ibis, ser. 6, vol. 5, no. 17"},
{"id":"20837","author":[{"family":"Raine, Helen, and André F. Raine"}],"issued":{"date-parts":[[2020]]},"container-title":"Field Guide to Birds of Hawai'i"},
{"id":"5314","author":[{"family":"Lanyon, Wesley E."}],"issued":{"date-parts":[[1988]]},"title":"A Phylogeny of the Flatbill and Tody-tyrant Assemblage of Tyrant Flycatchers","container-title":"American Museum Novitates, no. 2923"},
{"id":"10442","author":[{"family":"Outlaw, Robert K., Gary Voelker, and Rauri C. K. Bowie"}],"issued":{"date-parts":[[2010]]},"title":"Shall we chat? Evolutionary relationships in the genus Cercomela (Muscicapidae) and its relation to Oenanthe reveals extensive polyphyly among chats distributed in Africa, India and the Palearctic","container-title":"Molecular Phylogenetics and Evolution, vol. 55, no. 1"},
{"id":"5339","author":[{"family":"Siegfried"},{"family":"Roy","given":"W."}],"issued":{"date-parts":[[1979]]},"title":"Social Behavior of the African Comb Duck","container-title":"The Living Bird, vol. 17"},
{"id":"6278","author":[{"family":"Paynter, Raymond A. Jr., ed."}],"issued":{"date-parts":[[1968]]},"container-title":"Check-list of Birds of the World, vol. 14"},
{"id":"18748","author":[{"family":"Lesson, R. P., and P. Garnot"}],"issued":{"date-parts":[[1827]]},"title":"Zoologie","container-title":"Voyage autour du Monde, exécuté par order du Roi, sur la Corvette de Sa Majesté, La Coquille, pendant les années 1822, 1823, 1824 et 1825, vol. 1, pt. 1, livr. 4"},
{"id":"1541","author":[{"family":"Banks, R. C., R. W. McDiarmid, A. L. Gardner, and W. C. Starnes"}],"issued":{"date-parts":[[2003]]},"container-title":"Checklist of Vertebrates of the United States, the U.S. Territories, and Canada"},
{"id":"16522","author":[{"family":"Gray","given":"G. R."}],"issued":{"date-parts":[[1871]]},"title":"On a new species of Caprimulgus","container-title":"The Annals and Magazine of Natural History, 4th ser., vol. 8, no. 48"},
{"id":"13290","author":[{"family":"Przewalski","given":"N. M."}],"issued":{"date-parts":[[1876]]},"container-title":"Mongoliia i strana Tangutov, trekhletnee puteshestive v vostochnoi nagornoi Azii, vol. 2, section 2"},
{"id":"20274","author":[{"family":"Malherbe"},{"family":"Alfred"}],"issued":{"date-parts":[[1845]]},"title":"Description de tois espèces nouvelles du genre Picus, Linné","container-title":"Revue Zoologique, vol. 8"},
{"id":"9061","author":[{"family":"Fish and Wildlife Service","given":"U. S."}],"issued":{"date-parts":[[1976]]},"title":"Endangered Status for 159 Taxa of Animals","container-title":"Federal Register, vol. 41, no. 115"},
{"id":"2925","author":[{"family":"Peters"},{"family":"James Lee"}],"issued":{"date-parts":[[1934]]},"container-title":"Check-List of Birds of the World, vol. 2"},
{"id":"13321","author":[{"family":"Ceia, Ricardo S., Jaime A. Ramos, Ruben H. Heleno, Geoff M. Hilton, and Tiago A. Marques"}],"issued":{"date-parts":[[2011]]},"title":"Status assessment of the Critically Endangered Azores Bullfinch, Pyrrhula murina","container-title":"Bird Conservation International, vol. 21, no. 4"},
{"id":"4739","author":[{"family":"Archibald, G. W., and C. D. Meine / del Hoyo, Josep, Andrew Elliott, and Jordi Sargatal, eds."}],"issued":{"date-parts":[[1996]]},"title":"Family Gruidae (Cranes)","container-title":"Handbook of the Birds of the World, vol. 3: Hoatzin to Auks"},
{"id":"10366","author":[{"family":"del Hoyo, Josep, Andrew Elliot, and David Christie, eds."}],"issued":{"date-parts":[[2005]]},"container-title":"Handbook of the Birds of the World. Vol. 10. Cuckoo-shrikes to Thrushes"},
{"id":"8073","author":[{"family":"Monroe, Burt L., Jr."}],"issued":{"date-parts":[[1989]]},"title":"The correct name of the Terek Sandpiper","container-title":"Bulletin of the British Ornithologists' Club, vol. 109, no. 2"},
{"id":"13261","author":[{"family":"Stejneger"},{"family":"Leonhard"}],"issued":{"date-parts":[[1887]]},"title":"Birds of Kauai Island, Hawaiian Archipelago, collected by Mr. Valdemar Knuden, with descriptions of new species","container-title":"Proceedings of the United States National Museum, vol. 10"},
{"id":"13194","author":[{"family":"Gebauer"},{"family":"Axel"},{"family":"Martin Kaiser"},{"family":"Christine Wassmann","non-dropping-particle":"and"}],"issued":{"date-parts":[[2006]]},"title":"Remarks on biology, vocalisations and systematics of Urocynchramus pylzowi Przewalski (Aves, Passeriformes)","container-title":"Zootaxa, issue 1325"},
{"id":"10415","author":[{"family":"Sparre","given":"G."}],"issued":{"date-parts":[[1835]]},"container-title":"Magasin de zoologie, vol. 5, cl.2, pl.34"},
{"id":"13529","author":[{"family":"Garnot","given":"M. P."}],"issued":{"date-parts":[[1826]]},"title":"Remarques sur la Zoologie des iles Malouines, faites pendant le Voyage autour du monde de la Corvette la Coquille, exécuté en 1822, 1823, 1824, et 1825","container-title":"Annales des Sciences Naturelles, vol. 7"},
{"id":"15619","author":[{"family":"Sclater","given":"P. L."}],"issued":{"date-parts":[[1883]]},"title":"On Birds collected in the Timor-Laut or Tenimber Group of Islands by Mr. Henry O. Forbes","container-title":"Proceedings of the Zoological Society of London, vol. 51, no. 3"},
{"id":"22538","author":[{"family":"Gould"},{"family":"John"}],"issued":{"date-parts":[[1872]]},"title":"Description of a new Species of Fruit-Pigeon from the Fiji Islands","container-title":"Proceedings of the Zoological Society of London, vol. 1872, part 2"},
{"id":"10506","author":[{"family":"Alström, Per, Pete Davidson, J. W. Duckworth, Jonathan C. Eames, Trai Trong Le, Cu Nguyen, et al."}],"issued":{"date-parts":[[2009]]},"title":"Description of a new species of Phylloscopus warbler from Vietnam and Laos","container-title":"Ibis, vol. 152, no. 1"},
{"id":"13208","author":[{"family":"Ortiz, Robert, Christopher C. Rimmer, Hubert Askanas, and Iván Mota"}],"issued":{"date-parts":[[2012]]},"title":"Lincoln's Sparrow (Melospiza lincolnii): New record for the Dominican Republic","container-title":"Journal of Caribbean Ornithology, vol. 25, no. 2"},
{"id":"10463","author":[{"family":"Fish and Wildlife Service","given":"U. S."}],"issued":{"date-parts":[[1987]]},"title":"Endangered and Threatened Wildlife and Plants; Determination of the Black-capped Vireo To Be an Endangered Species","container-title":"Federal Register, vol. 52, no. 193"},
{"id":"16523","author":[{"family":"Hartlaub, G., and O. Finsch"}],"issued":{"date-parts":[[1872]]},"title":"On a fourth Collection of Birds from the Pelew and Mackenzie Islands","container-title":"Proceedings of the Zoological Society of London, vol. 40, no. 6"},
{"id":"6267","author":[{"family":"Isler, Morton L., and Phyllis R. Isler"}],"issued":{"date-parts":[[2003]]},"title":"Species limits in the pygmy antwren (Myrmotherula brachyura) complex (Aves: Passeriformes: Thamnophilidae): 1. The taxonomic status of Myrmotherula brachyura ignota","container-title":"Proceedings of the Biological Society of Washington, vol. 116, no. 1"},
{"id":"13258","author":[{"family":"Wilson"},{"family":"Scott Barchard"}],"issued":{"date-parts":[[1888]]},"title":"On Chloridops, a new Generic Form of Fringillidae from the Island of Hawaii","container-title":"Proceedings of the Zoological Society of London, vol. 56, no. 15"},
{"id":"10436","author":[{"family":"Cibois, Alice, Jon S. Beadell, Gary R. Graves, Eric Pasquet, Beth Slikas, et al."}],"issued":{"date-parts":[[2011]]},"title":"Charting the course of reed-warblers across the Pacific islands","container-title":"Journal of Biogeography, vol. 38, no. 10"},
{"id":"13312","author":[{"family":"White, E. W., and P. L. Sclater"}],"issued":{"date-parts":[[1883]]},"title":"Supplementary Notes on the Birds of the Argentine Republic","container-title":"Proceedings of the Zoological Society of London, vol. 51, no. 3"},
{"id":"13557","author":[{"family":"Bartlett","given":"A. D."}],"issued":{"date-parts":[[1852]]},"title":"On the genus Apteryx","container-title":"Proceedings of the Zoological Society of London, vol. 18, no. 218"},
{"id":"13313","author":[{"family":"Godman"},{"family":"Frederick DuCane"}],"issued":{"date-parts":[[1866]]},"title":"Notes on the Birds of the Azores","container-title":"Ibis, New Series, vol. 2, no. 5"},
{"id":"2916","author":[{"family":"American Ornithologists' Union"}],"issued":{"date-parts":[[1983]]},"container-title":"Check-list of North American Birds, 6th Edition"},
{"id":"5308","author":[{"family":"Paynter, Raymond A. Jr., ed."}],"issued":{"date-parts":[[1967]]},"container-title":"Check-list of Birds of the World, vol. 12"},
{"id":"13589","author":[{"family":"Taczanowski","given":"L."}],"issued":{"date-parts":[[1875]]},"title":"Liste des Oiseaux recueillis par M. Constantin Jelski dans la partie centrale du Pérou occidental","container-title":"Proceedings of the Zoological Society of London, vol. 42, no. 33"},
{"id":"10480","author":[{"family":"Carneiro, Lincoln Silva, Luiz Pedreira Gonzaga, Péricles S. Rêgo, Iracilda Sampaio, et al."}],"issued":{"date-parts":[[2012]]},"title":"Systematic Revision of the Spotted Antpitta (Grallariidae: Hylopezus macularius), with Description of a Cryptic New Species from Brazilian Amazonia","container-title":"The Auk, vol. 129, no. 2"},
{"id":"13530","author":[{"family":"Berlepsch","non-dropping-particle":"von"},{"family":"Hans"},{"family":"Jean Stolzmann","non-dropping-particle":"and"}],"issued":{"date-parts":[[1894]]},"title":"Description of a new Species of Grebe from Central Peru","container-title":"Ibis, vol. 6, no. 21"},
{"id":"22676","author":[{"family":"Koopman"},{"family":"Adrian"}],"issued":{"date-parts":[[2021]]},"title":"The Use of the Ethnonym 'Hottentot' in the Bird Names 'Hottentot Teal' and 'Hottentot Buttonquail'","container-title":"Ostrich, vol. 92, no. 2"},
{"id":"10432","author":[{"family":"Christidis, Les, and Walter E. Boles"}],"issued":{"date-parts":[[2008]]},"container-title":"Systematics and Taxonomy of Australian Birds"},
{"id":"10492","author":[{"family":"Donegan, Thomas M."}],"issued":{"date-parts":[[2012]]},"title":"Geographical variation in Immaculate Antbird Myrmeciza immaculata, with a new subspecies from the Central Andes of Colombia","container-title":"Bulletin of the British Ornithologists' Club, vol. 132, no. 1"},
{"id":"18742","author":[{"family":"Bonaparte"},{"family":"Carolo Luciano"}],"issued":{"date-parts":[[1855]]},"container-title":"Conspectus Generum Avium, vol. 2"},
{"id":"6354","author":[{"family":"American Ornithologists' Union"}],"issued":{"date-parts":[[1989]]},"title":"Thirty-seventh supplement to the American Ornithologists' Union Check-list of North American Birds","container-title":"The Auk, vol. 106, no. 3"},
{"id":"13294","author":[{"family":"Sclater"},{"family":"Philip Lutley"}],"issued":{"date-parts":[[1855]]},"title":"On two new species of Dacnis, and on the general arrangement of the genus","container-title":"Proceedings of the Zoological Society of London, vol. 22, no. 275"},
{"id":"13202","author":[{"family":"American Ornithologists' Union"}],"issued":{"date-parts":[[2009]]},"title":"Fiftieth supplement to the American Ornithologists' Union Check-list of North American Birds","container-title":"The Auk, vol. 126, no. 3"},
{"id":"10466","author":[{"family":"Fish and Wildlife Service","given":"U. S."}],"issued":{"date-parts":[[1995]]},"title":"Endangered and Threatened Wildlife and Plants; Addition of 30 African Birds to List of Endangered and Threatened Wildlife","container-title":"Federal Register, vol. 60, no. 8"},
{"id":"10444","author":[{"family":"Clancey, P. A., and R. K. Brooke"}],"issued":{"date-parts":[[1990]]},"title":"Avian Nomenclatural Issues Arising from the Publication of Rookmaaker's The Zoological Exploration of Southern Africa 1650-1790","container-title":"Ostrich, vol. 61, no. 3-4"},
{"id":"6368","author":[{"family":"Rising, James D."}],"issued":{"date-parts":[[1970]]},"title":"Morphological variation and evolution in some North American Orioles","container-title":"Systematic Zoology, vol. 19, no.4"},
{"id":"20673","author":[{"family":"White"},{"family":"John"}],"issued":{"date-parts":[[1790]]},"container-title":"Journal of a voyage to New South Wales"},
{"id":"8053","author":[{"family":"Fish and Wildlife Service","given":"U. S."}],"issued":{"date-parts":[[2007]]},"title":"Endangered and Threatened Wildlife and Plants; 90-Day Finding on a Petition to List the Black-Footed Albatross (Phoebastria nigripes) as Threatened or Endangered","container-title":"Federal Register, vol. 72, no. 194"},
{"id":"20666","author":[{"family":"Streubel","given":"A. V."}],"issued":{"date-parts":[[1848]]},"title":"Die Cypsekiden","container-title":"ISIS von Oken, vol. 41, no. 5"},
{"id":"7503","author":[{"family":"Pollen"},{"family":"François"}],"issued":{"date-parts":[[1866]]},"title":"On the Genus Oxynotus of Mauritius and Réunion","container-title":"Ibis, vol. 2, no. 7"},
{"id":"18751","author":[{"family":"Gaimard","given":"J. P."}],"issued":{"date-parts":[[1823]]},"container-title":"Bulletin Général et Universel des Annonces et des Nouvelles Scientifiques, vol. 3"},
{"id":"10365","author":[{"family":"del Hoyo, Josep, Andrew Elliot, and David Christie, eds."}],"issued":{"date-parts":[[2004]]},"container-title":"Handbook of the Birds of the World. Vol. 9. Cotingas to Pipits and Wagtails"},
{"id":"10478","author":[{"family":"Barrera"},{"family":"Luis Felipe"},{"family":"Avery Bartels"},{"family":"Fundación ProAves de Colombia","non-dropping-particle":"and"}],"issued":{"date-parts":[[2010]]},"title":"A new species of Antpitta (family Grallariidae) from the Colibrí del Sol Bird Reserve, Colombia","container-title":"Conservación Colombiana, no. 13"},
{"id":"10447","author":[{"family":"Deignan","given":"H. G."}],"issued":{"date-parts":[[1957]]},"title":"A new flycatcher from southeastern Asia, with remarks on Muscicapa latirostris Raffles","container-title":"Ibis, vol. 99, no. 2"},
{"id":"20271","author":[{"family":"Seeholzer, Glenn F., Benjamin M. Winger, Michael G. Harvey, Daniel Cáceres A., and Jason D. Weckstei"}],"issued":{"date-parts":[[2012]]},"title":"A New Species of Barbet (Capitonidae: Capito) from the Cerros Del Sira, Ucayali, Peru","container-title":"The Auk, vol. 129, no. 3"},
{"id":"10472","author":[{"family":"Hosner, Peter A., Mark B. Robbins, Thomas Valqui, and A. Townsend Peterson"}],"issued":{"date-parts":[[2013]]},"title":"A New Species of Scytalopus Tapaculo (Aves: Passeriformes: Rhinocryptidae) from the Andes of Central Peru","container-title":"The Wilson Journal of Ornithology, vol. 125, no. 2"},
{"id":"18746","author":[{"family":"Sims, R. W., and R. M. L. Warren"}],"issued":{"date-parts":[[1955]]},"title":"The Names of the Races of Pompadour Pigeon, Treron pompadora (Gemelin), in Java and Celebes","container-title":"Bulletin of the British Ornithologists' Club, vol. 75, no. 7"},
{"id":"10434","author":[{"family":"Quoy and Gaimard"}],"issued":{"date-parts":[[1830]]},"title":"Zoologie","container-title":"Voyage de la corvette l'Astrolabe: exécuté par ordre du roi, pendant les années 1826-1827-1828-1829, sous le commandement de J. Dumont d'Urville"},
{"id":"10471","author":[{"family":"Fish and Wildlife Service","given":"U. S."}],"issued":{"date-parts":[[2004]]},"title":"Endangered and Threatened Wildlife and Plants; Removing the Mariana Mallard and the Guam Broadbill From the Federal List of Endangered and Threatened Wildlife","container-title":"Federal Register, vol. 69, no. 35"},
{"id":"3606","author":[{"family":"Prum","given":"R. O."}],"issued":{"date-parts":[[1988]]},"title":"Phylogenetic interrelationships of the barbets (Aves: Capitonidae) and toucans (Aves: Rhamphastidae) based on morphology with comparisons to DNA-DNA hybridization","container-title":"Zoological Journal of the Linnean Society, vol. 92, no. 4"},
{"id":"10387","author":[{"family":"Berger, Andrew J."}],"issued":{"date-parts":[[1975]]},"title":"The Warbling Silverbill, A New Nesting Bird in Hawaii","container-title":"Pacific Science, vol. 29, no.1"},
{"id":"10428","author":[{"family":"Van Balen, S. (BAS), James A. Eaton, and Frank E. Rheindt"}],"issued":{"date-parts":[[2013]]},"title":"Biology, taxonomy and conservation status of the Short-tailed Green Magpie Cissa [t.] thalassina from Java","container-title":"Bird Conservation International, vol. 23, issue 1"},
{"id":"2837","author":[{"family":"Dove, Carla J., and Richard C. Banks"}],"issued":{"date-parts":[[1999]]},"title":"A taxonomic study of crested caracaras (Falconidae)","container-title":"The Wilson Bulletin, vol. 111, no. 3"},
{"id":"6103","author":[{"family":"Marchant, S., et al."}],"issued":{"date-parts":[[1990]]},"title":"Ratites to Ducks, Part B: Australian Pelican to Ducks","container-title":"Handbook of Australian, New Zealand & Antarctic Birds, vol. 1"},
{"id":"13274","author":[{"family":"Rothschild"},{"family":"Walter"}],"issued":{"date-parts":[[1893]]},"container-title":"Bulletin of the British Ornithologists' Club, vol. 1, no. 10"},
{"id":"13315","author":[{"family":"Whitaker","given":"J. I. S."}],"issued":{"date-parts":[[1897]]},"container-title":"Bulletin of the British Ornithologists' Club, vol. 7, no. 48"},
{"id":"20626","author":[{"family":"Wetmore"},{"family":"Alexander"}],"issued":{"date-parts":[[1953]]},"title":"Further additions to the birds of Panamá and Colombia","container-title":"Smithsonian Miscellaneous Collections, vol. 122, no. 8"},
{"id":"5317","author":[{"family":"Traylor, Melvin A. Jr."}],"issued":{"date-parts":[[1979]]},"container-title":"Check-list of Birds of the World, vol. 8"},
{"id":"13217","author":[{"family":"West, George C."}],"issued":{"date-parts":[[2008]]},"container-title":"A Birder's Guide to Alaska"},
{"id":"15635","author":[{"family":"Bonaparte"},{"family":"Carolo Luciano"}],"issued":{"date-parts":[[1850]]},"container-title":"Conspectus Generum Avium, vol. 1"},
{"id":"20629","author":[{"family":"Richmond, Charles W."}],"issued":{"date-parts":[[1905]]},"title":"Description of a new Swiftlet from Mount Kina Balu, Borneo","container-title":"Smithsonian Miscellaneous Collections, vol. 47, no. 1565"},
{"id":"10416","author":[{"family":"Dickinson, Edward C., Murray Bruce, Steven Gregory, Alan P. Peterson, and Aasheesh Pittie"}],"issued":{"date-parts":[[2004]]},"title":"The Dating of Names Proposed in the First Supplement to Thomas Jerdon's Catalogue of the Birds of the Peninsula of India","container-title":"Bulletin of Zoological Nomenclature, vol. 61"},
{"id":"9261","author":[{"family":"Fish and Wildlife Service","given":"U. S."}],"issued":{"date-parts":[[2012]]},"title":"Endangered and Threatened Wildlife and Plants; Review of Native Species That Are Candidates for Listing as Endangered or Threatened; Annual Notice of Findings on Resubmitted Petitions; Annual Description of Progress on Listing Actions","container-title":"Federal Register, vol. 77, no. 225"},
{"id":"13569","author":[{"family":"d'Orbigny, A. D."}],"issued":{"date-parts":[[1834]]},"container-title":"Voyage dans l'Amérique méridionale (le Brésil, la République Orientale de l'Uruguay, la République Argentine, la Patagonie, la République du Chili, la République de Bolivie, la République du Pérou), exécuté pendant les années 1826, 1827, 1828,..., vol. 2"},
{"id":"13245","author":[{"family":"Gould"},{"family":"John"}],"issued":{"date-parts":[[1837]]},"container-title":"Proceedings of the Zoological Society of London, vol. 5, no. 49"},
{"id":"13234","author":[{"family":"Clarke"},{"family":"Stephenson"}],"issued":{"date-parts":[[1919]]},"container-title":"Bulletin of the British Ornithologists' Club, vol. 40, no. 246"},
{"id":"22536","author":[{"family":"Elliot","given":"D. G."}],"issued":{"date-parts":[[1878]]},"title":"On the Fruit-Pigeons of the Genus Ptilopus","container-title":"Proceedings of the Zoological Society of London, vol. 1878, part 3"},
{"id":"21929","author":[{"family":"Blyth"},{"family":"Edward"}],"issued":{"date-parts":[[1838]]},"title":"Analytic Descriptions of the Groups of Birds composing the Order Insessores Hetergenes, no. 2: Systematic Analysis of the Series. Characters of the Motmots","container-title":"Magazine of Natural History, vol. 2, no. 20"},
{"id":"10499","author":[{"family":"Morony, John J., Jr., Walter J. Bock, and John Farrand, Jr."}],"issued":{"date-parts":[[1975]]},"container-title":"Reference List of the Birds of the World"},
{"id":"5324","author":[{"family":"Dickinson, Edward C., ed."}],"issued":{"date-parts":[[2003]]},"container-title":"The Howard and Moore Complete Checklist of the Birds of the World, 3rd edition"},
{"id":"20643","author":[{"family":"Salvin, Osbert, and F. DuCane Godman"}],"issued":{"date-parts":[[1880]]},"title":"On the Birds of the Sierra Nevada of Santa Marta, Colombia","container-title":"Ibis, ser. 4, vol. 4"},
{"id":"13246","author":[{"family":"Clarke"},{"family":"Eagle","given":"W."}],"issued":{"date-parts":[[1904]]},"container-title":"Bulletin of the British Ornithologists' Club, vol. 15, no. 110"},
{"id":"22539","author":[{"family":"Hombron, M. M., and Jacquinot"}],"issued":{"date-parts":[[1841]]},"title":"Description de plusieurs Oiseaux nouveaux ou peu connus, provenant de l'expedition autour du monde faite sur les corvettes l'Astrolabe et la Zelee","container-title":"Annales des Sciences Naturelles, ser. 2, vol. 16, no. 1"},
{"id":"16521","author":[{"family":"Gould"},{"family":"John"}],"issued":{"date-parts":[[1837]]},"container-title":"Proceedings of the Zoological Society of London, vol. 5, no. 50"},
{"id":"13523","author":[{"family":"Boddaert"},{"family":"Pieter"}],"issued":{"date-parts":[[1783]]},"container-title":"Table des planches enluminéez d'histoire naturelle, de M. D'Aubenton. Avec les denominations de M.M. de Buffon, Brisson, Edwards, Linnaeus et Latham, precedé d'une Notice des Principaux Ouvrages Zoologiques enluminés"},
{"id":"6363","author":[{"family":"Paynter, Raymond A. Jr., and Robert W. Storer"}],"issued":{"date-parts":[[1970]]},"container-title":"Check-list of Birds of the World, vol. 13"},
{"id":"22537","author":[{"family":"Layard","given":"E. L."}],"issued":{"date-parts":[[1875]]},"title":"Descriptions of some supposed new Species of Birds from the Fiji Islands","container-title":"Proceedings of the Zoological Society of London, vol. 1875, part 2"},
{"id":"21926","author":[{"family":"Dickinson, E. C., and J. V. Remsen Jr., eds."}],"issued":{"date-parts":[[2013]]},"container-title":"The Howard and Moore Complete Checklist of the Birds of the World, 4th Edition, Vol. 1 Non-passerines"},
{"id":"6272","author":[{"family":"Clements, James F."}],"issued":{"date-parts":[[2007]]},"container-title":"The Clements Checklist of Birds of the World, Sixth Edition"},
{"id":"8068","author":[{"family":"Pyle, Peter, Andreanna J. Welch, and Robert C. Fleischer"}],"issued":{"date-parts":[[2011]]},"title":"A new species of Shearwater (Puffinus) recorded from Midway Atoll, northwest Hawaiian Islands","container-title":"The Condor, vol. 113, no. 3"},
{"id":"5306","author":[{"family":"American Ornithologists' Union"}],"issued":{"date-parts":[[1987]]},"title":"Thirty-sixth supplement to the American Ornithologists' Union Check-list of North American Birds","container-title":"The Auk, vol. 104, no. 3"},
{"id":"10376","author":[{"family":"Paynter, Raymond A., and Ernest Mayr,eds."}],"issued":{"date-parts":[[1967]]},"container-title":"Check-list of Birds of the World, vol. 12"},
{"id":"6268","author":[{"family":"Isler, Morton L., Phyllis R. Isler, and Bret M. Whitney"}],"issued":{"date-parts":[[1999]]},"title":"Species limits in antbirds (Passeriformes: Thamnophilidae): The Myrmotherula surinamensis complex","container-title":"The Auk, vol. 116, no. 1"},
{"id":"10367","author":[{"family":"del Hoyo, Josep, Andrew Elliot, and David Christie, eds."}],"issued":{"date-parts":[[2008]]},"container-title":"Handbook of the Birds of the World. Vol. 13. Penduline-tits to Shrikes"},
{"id":"20663","author":[{"family":"Lopes"},{"family":"Leonardo Esteves"},{"family":"Marcelo Ferreira de Vasconcelos"},{"family":"Luiz Pedreira Gonzaga","non-dropping-particle":"and"}],"issued":{"date-parts":[[2017]]},"title":"A cryptic new species of hummingbird of the Campylopterus largipennis complex (Aves: Trochilidae)","container-title":"Zootaxa, issue 4268, no. 1"},
{"id":"16541","author":[{"family":"Costa, Thiago V. V., Bret M. Whitney, Michael J. Braun, Noor D. White, Luís Fábio Silveira, et al."}],"issued":{"date-parts":[[2018]]},"title":"A systematic reappraisal of the Rufous Potoo Nyctibius bracteatus (Nyctibiidae) and description of a new genus","container-title":"Journal of Ornithology, vol. 159, no. 2"},
{"id":"16535","author":[{"family":"Jackson","given":"H. D."}],"issued":{"date-parts":[[2014]]},"title":"The taxonomic status of Rwenzori Nightjar Caprimulgus ruwenzorii Ogilvie-Grant, 1909, and Benguela Nightjar C. koesteri Neumann, 1931","container-title":"Bulletin of the British Ornithologists' Club, vol. 134, no. 1"},
{"id":"2838","author":[{"family":"Banks, Richard C., and Carla J. Dove"}],"issued":{"date-parts":[[1992]]},"title":"The generic name for Caracaras (Aves: Falconidae)","container-title":"Proceedings of the Biological Society of Washington, vol. 105, no. 3"},
{"id":"13226","author":[{"family":"Lafresnaye, Frédéric, and Alcide d'Orbigny"}],"issued":{"date-parts":[[1837]]},"container-title":"Magasin de Zoologie, 7th annee, classe 2"},
{"id":"13237","author":[{"family":"Valqui"},{"family":"Thomas"},{"family":"Jon Fjeldså","non-dropping-particle":"and"}],"issued":{"date-parts":[[2002]]},"title":"Atlapetes melanopsis nom. nov. for the Black-faced Brush-Finch","container-title":"Ibis, vol. 144, no. 2"},
{"id":"3600","author":[{"family":"Peters"},{"family":"James Lee"}],"issued":{"date-parts":[[1948]]},"container-title":"Check-list of Birds of the World, vol. 6"},
{"id":"18744","author":[{"family":"Mees","given":"G. F."}],"issued":{"date-parts":[[1973]]},"title":"Once more: the identity and authorship of Treron griseicauda","container-title":"Bulletin of the British Ornithologists' Club, vol. 93, no. 3"},
{"id":"7379","author":[{"family":"Fish and Wildlife Service","given":"U. S."}],"issued":{"date-parts":[[2010]]},"title":"Endangered and Threatened Wildlife and Plants; Review of Native Species That Are Candidates for Listing as Endangered or Threatened; Annual Notice of Findings on Resubmitted Petitions; Annual Description of Progress on Listing Actions","container-title":"Federal Register, vol. 75, no. 217"},
{"id":"10368","author":[{"family":"Gould"},{"family":"John"}],"issued":{"date-parts":[[1855]]},"title":"On some new species of birds collected by Mr. M'Gillivray","container-title":"Proceedings of the Zoological Society of London, part XXIII, no. ccxciv"},
{"id":"13221","author":[{"family":"Cabanis"},{"family":"Jean Louis"}],"issued":{"date-parts":[[1890]]},"title":"Bericht über die September-Sitzung","container-title":"Journal für Ornithologie, vol. 37, no. 188"},
{"id":"13238","author":[{"family":"Valqui"},{"family":"Thomas"},{"family":"Jon Fjeldså","non-dropping-particle":"and"}],"issued":{"date-parts":[[1999]]},"title":"New brush-finch Atlapetes from Peru","container-title":"Ibis, vol. 141, no. 2"},
{"id":"3679","author":[{"family":"del Hoyo, Josep, Andrew Elliott, and Jordi Sargatal, eds."}],"issued":{"date-parts":[[1996]]},"title":"Hoatzin to Auks","container-title":"Handbook of the Birds of the World, vol. 3"},
{"id":"10453","author":[{"family":"Melo, Martim, Ben H. Warren, and Peter J. Jones"}],"issued":{"date-parts":[[2011]]},"title":"Rapid parallel evolution of aberrant traits in the diversification of the Gulf of Guinea white-eyes (Aves, Zosteropidae)","container-title":"Molecular Ecology, vol. 20, issue 23"},
{"id":"13244","author":[{"family":"Lawrence, Geo. N."}],"issued":{"date-parts":[[1867]]},"title":"Descriptions of New Species of American Birds","container-title":"Annals of the Lyceum of Natural History of New York, vol. 8, no. 46"},
{"id":"20270","author":[{"family":"Pacheco, José Fernando, and Bret M. Whitney"}],"issued":{"date-parts":[[2006]]},"title":"Mandatory changes to the scientific names of three Neotropical birds","container-title":"Bulletin of the British Ornithologists' Club, vol. 126, no. 3"},
{"id":"13316","author":[{"family":"Lort Philips","given":"E."}],"issued":{"date-parts":[[1897]]},"container-title":"Bulletin of the British Ornithologists' Club, vol. 6, no. 45"},
{"id":"10495","author":[{"family":"Fish and Wildlife Service","given":"U. S."}],"issued":{"date-parts":[[2012]]},"title":"Endangered and Threatened Wildlife and Plants; 90-Day Finding on a Petition To List the Bicknell's Thrush (Catharus bicknelli) as Endangered or Threatened","container-title":"Federal Register, vol. 77, no. 158"},
{"id":"18754","author":[{"family":"Reichenbach","given":"H. G. L."}],"issued":{"date-parts":[[1851]]},"title":"Columbariae: Taubenvögel","container-title":"Novitiae ad Synopsin Avium. Neueste Entdeckungen und Nachträge zur Vervollständigung der Classe der Vögel bei Erscheinung des Textes, no. 6"},
{"id":"13275","author":[{"family":"Gmelin","given":"J. F."}],"issued":{"date-parts":[[1789]]},"container-title":"Systema Naturae, per regna tria Naturae: secundum Classes, Ordines, Genera, Species, cum Characteribus, Differentiis, Synonymis, Locis, vol. 1, part 2"},
{"id":"10498","author":[{"family":"Collar","given":"N. J."}],"issued":{"date-parts":[[2006]]},"title":"A partial revision of the Asian Babblers (Timaliidae)","container-title":"Forktail, vol. 22"},
{"id":"10452","author":[{"family":"O'Neill, John P., Daniel F. Lane, and Luciano N. Naka"}],"issued":{"date-parts":[[2011]]},"title":"A Cryptic New Species of Thrush (Turdidae: Turdus) from Western Amazonia","container-title":"The Condor, vol. 113, no. 4"},
{"id":"4740","author":[{"family":"Kemp, A. C. / del Hoyo, Josep, Andrew Elliott, and Jordi Sargatal, eds."}],"issued":{"date-parts":[[2001]]},"title":"Family Bucerotidae (Hornbills)","container-title":"Handbook of the Birds of the World, vol. 6: Mousebirds to Hornbills"},
{"id":"13590","author":[{"family":"Sclater, P. L., and Osbert Salvin"}],"issued":{"date-parts":[[1875]]},"title":"On Peruvian Birds collected by Mr. Whitely","container-title":"Proceedings of the Zoological Society of London, vol. 42, no. 43"},
{"id":"6367","author":[{"family":"Rising, James D."}],"issued":{"date-parts":[[2007]]},"title":"Chapter 4: Named subspecies and their significance in contemporary ornithology","container-title":"Ornithological Monographs, no. 63"},
{"id":"10500","author":[{"family":"Fregin"},{"family":"Silke"},{"family":"Martin Haase"},{"family":"Urban Olsson"},{"family":"Per Alström","non-dropping-particle":"and"}],"issued":{"date-parts":[[2012]]},"title":"New insights into family relationships within the avian superfamily Sylvioidea (Passeriformes) based on seven molecular markers","container-title":"BMC Evolutionary Biology, vol. 12, no. 157"},
{"id":"2844","author":[{"family":"Mayr, Ernst, and G. William Cottrell, eds."}],"issued":{"date-parts":[[1979]]},"container-title":"Check-List of Birds of the World, vol. 1, Second Edition"},
{"id":"5340","author":[{"family":"Mlikovsky","given":"J."}],"issued":{"date-parts":[[1989]]},"title":"Note on the osteology and taxonomic position of Salvadori's duck Salvadorina waigiuensis (Aves: Anseridae[Anatidae])","container-title":"Bulletin of the British Ornithologists' Club, vol. 109, no. 1"},
{"id":"6364","author":[{"family":"Pratt"},{"family":"Douglass","given":"H."}],"issued":{"date-parts":[[1992]]},"title":"Systematics of the Hawaiian \"Creepers\" Oreomystis and Paroreomyza","container-title":"The Condor, vol. 94, no. 4"},
{"id":"13572","author":[{"family":"Gould"},{"family":"John"}],"issued":{"date-parts":[[1858]]},"title":"1. On a new species of Cassowary","container-title":"Proceedings of the Zoological Society of London, vol. 25, no. 343"},
{"id":"5368","author":[{"family":"Vaurie"},{"family":"Charles"}],"issued":{"date-parts":[[1965]]},"title":"Systematic Notes on the Bird Family Cracidae. No. 3: Ortalis guttata, Ortalis superciliaris, and Ortalis motmot","container-title":"American Museum Novitates, no. 2232"},
{"id":"16540","author":[{"family":"Sharpe"},{"family":"Bowdler"}],"issued":{"date-parts":[[1892]]},"container-title":"Bulletin of the British Ornithologists' Club, vol. 1, no. 2"},
{"id":"18747","author":[{"family":"Desmarest"},{"family":"Anselme Gaëtan"}],"issued":{"date-parts":[[1826]]},"title":"Pigeon","container-title":"Dictionnaire des Sciences Naturelles, vol. 40"},
{"id":"10458","author":[{"family":"Sánchez-González, Luis A., and Robert G. Moyle"}],"issued":{"date-parts":[[2011]]},"title":"Molecular systematics and species limits in the Philippine fantails (Aves: Rhipidura)","container-title":"Molecular Phylogenetics and Evolution, vol. 61, no. 2"},
{"id":"4737","author":[{"family":"David"},{"family":"Normand"},{"family":"Michel Gosselin","non-dropping-particle":"and"}],"issued":{"date-parts":[[2002]]},"title":"The grammatical gender of avian genera","container-title":"Bulletin of the British Ornithologists' Club, vol. 122, no. 4"},
{"id":"22714","author":[{"family":"Scopoli"},{"family":"Giovanni Antonio"}],"issued":{"date-parts":[[1786]]},"container-title":"Deliciae florae et faunae Insubricae seu novae, vol. 2"},
{"id":"7383","author":[{"family":"Fish and Wildlife Service","given":"U. S."}],"issued":{"date-parts":[[1996]]},"title":"Endangered and Threatened Wildlife and Plants; Review of Plant and Animal Taxa That Are Candidates for Listing as Endangered or Threatened Species","container-title":"Federal Register, vol. 61, no. 40"},
{"id":"13588","author":[{"family":"Sclater"},{"family":"Philippo Lutley"},{"family":"Osberto Salvin","non-dropping-particle":"and"}],"issued":{"date-parts":[[1873]]},"container-title":"Nomenclator avium neotropicalium, sive avium quae in regione neotropica hucusque repertae sunt nomina systematice disposita adjecta sua cuique speciei patria accedunt generum et specierum novarum diagnoses"},
{"id":"18719","author":[{"family":"David, Normand, Edward C. Dickinson, and Steven M. S. Gregory"}],"issued":{"date-parts":[[2010]]},"title":"Correct spellings of some pigeon names (Aves: Columbidae) established by Temminck from 1808 to 1811","container-title":"Zoological Bibliography, vol. 1, no. 1"},
{"id":"10374","author":[{"family":"Mayr, Ernst, and Raymond A. Paytner, Jr., eds."}],"issued":{"date-parts":[[1964]]},"container-title":"Check-list of Birds of the World, vol. 10"},
{"id":"22668","author":[{"family":"Richmond, Charles W."}],"issued":{"date-parts":[[1896]]},"title":"Catalogue of a collection of birds made by Doctor W. L. Abbott in Eastern Turkestan, the Thian-Shan Mountains, and Tagdumbash Pamir, Central Asia, with notes on some of the species","container-title":"Proceedings of the United States National Museum, vol. 18"},
{"id":"10364","author":[{"family":"del Hoyo, Josep, Andrew Elliot, and David Christie, eds."}],"issued":{"date-parts":[[2009]]},"container-title":"Handbook of the Birds of the World. Vol. 14. Bush-shrikes to Old World Sparrows"},
{"id":"5351","author":[{"family":"Gill"},{"family":"Frank"},{"family":"Minturn Wright","non-dropping-particle":"and"}],"issued":{"date-parts":[[2006]]},"container-title":"Birds of the World: Recommended English Names"},
{"id":"16526","author":[{"family":"Whitney, Bret M., José Fernando Pacheco, Paulo Sérgio Moreira da Fonseca, Richard E. Webster, er al."}],"issued":{"date-parts":[[2003]]},"title":"Reassignment of Chordeiles vielliardi Lencioni-Neto, 1994, to Nyctiprogne Bonaparte, 1857, with comments on the latter genus and some presumably related chordeilines (Caprimulgidae)","container-title":"Bulletin of the British Ornithologists' Club, vol. 123, no 2"},
{"id":"10505","author":[{"family":"Editorial Note"}],"issued":{"date-parts":[[2010]]},"title":"Description of a new species of Phylloscopus warbler from Vietnam and Laos","container-title":"Ibis, vol. 152, no. 2"},
{"id":"6265","author":[{"family":"American Ornithologists' Union"}],"issued":{"date-parts":[[2005]]},"title":"Forty-sixth supplement to the American Ornithologists' Union check-list of North American birds","container-title":"The Auk, vol. 122, no. 3"},
{"id":"3835","author":[{"family":"Jansen"},{"family":"Paul"},{"family":"Tony Billing","non-dropping-particle":"and"}],"issued":{"date-parts":[[2004]]},"title":"Captive management plan for kiwi: Apteryx mantelli, Apteryx rowi, Apteryx australis, Apteryx australis 'Haast', Apteryx haastii, Apteryx owenii","container-title":"Threatened Species Occasional Publication, vol. 24"},
{"id":"6274","author":[{"family":"Gill, Frank B., Beth Slikas, and Frederick H. Sheldon"}],"issued":{"date-parts":[[2005]]},"title":"Phylogeny of Titmice (Paridae): II. Species relationships based on sequences of the mitochondrial cytochrome-b gene","container-title":"The Auk, vol. 122, no. 1"},
{"id":"6384","author":[{"family":"Gibson, Daniel D., and Brina Kessel"}],"issued":{"date-parts":[[1992]]},"title":"Seventy-four new avian taxa documented in Alaska 1976-1991","container-title":"The Condor, vol. 94, no. 2"},
{"id":"13309","author":[{"family":"Vieillot"},{"family":"Louis Pierre"}],"issued":{"date-parts":[[1816]]},"container-title":"Analyse D'Une Nouvelle Ornithologie Elementaire"},
{"id":"20640","author":[{"family":"Hartert"},{"family":"Ernst"}],"issued":{"date-parts":[[1897]]},"title":"Various Notes on Humming-Birds","container-title":"Ibis, ser. 7, vol. 3, no. 11"},
{"id":"3752","author":[{"family":"Peters"},{"family":"James Lee"}],"issued":{"date-parts":[[1945]]},"container-title":"Check-list of Birds of the World, vol. 5"},
{"id":"18739","author":[{"family":"Kelaart","given":"E. F."}],"issued":{"date-parts":[[1853]]},"container-title":"Prodromus Faunae Zeylanicae being Contributions to the Zoology of Ceylon"},
{"id":"13539","author":[{"family":"Potts","given":"T. H."}],"issued":{"date-parts":[[1872]]},"title":"Notes on a New Species of Apteryx. (A. Haastii, Potts.)","container-title":"Transactions and Proceedings of the New Zealand Institute, vol. 4, article 33"},
{"id":"8048","author":[{"family":"Walters"},{"family":"Michael"}],"issued":{"date-parts":[[1993]]},"title":"On the status of the Christmas Island sandpiper, Aechmorhynchus cancellatus","container-title":"Bulletin of the British Ornithologists' Club, vol. 113, no. 2"},
{"id":"8079","author":[{"family":"Ogilvie-Grant","given":"W. R."}],"issued":{"date-parts":[[1899]]},"title":"Descriptions of seven new species of birds from the interior of Hainan","container-title":"The Ibis, vol. 5, no. 10"},
{"id":"5305","author":[{"family":"Lanyon, Wesley E., and Scott M. Lanyon"}],"issued":{"date-parts":[[1986]]},"title":"Generic Status of Euler's Flycatcher: A Morphological and Biochemical Study","container-title":"The Auk, vol. 103, no. 2"},
{"id":"706","author":[{"family":"Banks, R. C., R. W. McDiarmid, and A. L. Gardner"}],"issued":{"date-parts":[[1987]]},"title":"Checklist of Vertebrates of the United States, the U.S. Territories, and Canada","container-title":"Resource Publication, no. 166"},
{"id":"8067","author":[{"family":"Fish and Wildlife Service","given":"U. S."}],"issued":{"date-parts":[[2004]]},"title":"Endangered and Threatened Wildlife and Plants; Annual Notice of Findings on Resubmitted Petitions for Foreign Species; Annual Description of Progress on Listing Actions","container-title":"Federal Register, vol. 69, no. 99"},
{"id":"13594","author":[{"family":"Reichenow"},{"family":"Anton"}],"issued":{"date-parts":[[1883]]},"title":"Immer Neues aus Afrika","container-title":"Mittheilungen des Ornithologischen Vereines in Wien, vol. 7, no. 10"},
{"id":"20672","author":[{"family":"Cavarzere"},{"family":"Vagner"},{"family":"Luís Fábio Silveira"},{"family":"Marcelo Ferreira de Vasconcelos"},{"family":"Rolf Grantsau"},{"family":"Fernando","non-dropping-particle":"and"}],"issued":{"date-parts":[[2014]]},"title":"Taxonomy and biogeography of Stephanoxis Simon, 1897 (Aves:Trochilidae)","container-title":"Papéis Avulsos de Zoologia, vol. 54, no. 7"},
{"id":"18752","author":[{"family":"Bonaparte"},{"family":"Charles Lucien"}],"issued":{"date-parts":[[1855]]},"title":"Coup d'oeil sur les Pigeons (sixième et dernière partie)","container-title":"Comptes Rendus Hebdomadaires des Séances de l'Académie des Sciences, vol. 40, no. 5"},
{"id":"3678","author":[{"family":"del Hoyo, Josep, Andrew Elliott, and Jordi Sargatal, eds."}],"issued":{"date-parts":[[1992]]},"title":"Ostrich to Ducks","container-title":"Handbook of the Birds of the World, vol. 1"},
{"id":"10510","author":[{"family":"Whitney, Bret M., Marcelo Ferreira de Vasconcelos, Luís Fábio Silveira, and José Fernando Pacheco"}],"issued":{"date-parts":[[2010]]},"title":"Scytalopus petrophilus (Rock Tapaculo): a new species from Minas Gerais, Brazil","container-title":"Revista Brasileira de Ornitologia, vol. 18, no. 2"},
{"id":"10502","author":[{"family":"Rozendaal","given":"F. G."}],"issued":{"date-parts":[[1987]]},"title":"Description of a new species of bush warbler of the genus Cettia Bonaparte, 1834 (Aves: Sylviidae) from Yamdena, Tanimbar Islands, Indonesia","container-title":"Zoologische Mededelingen, vol. 61, no. 14"},
{"id":"20641","author":[{"family":"Gould"},{"family":"John"}],"issued":{"date-parts":[[1872]]},"title":"Descriptions of two new Species of Humming-Birds","container-title":"The Annals and Magazine of Natural History, 4th ser., v. 9, no. 51"},
{"id":"10475","author":[{"family":"Fish and Wildlife Service","given":"U. S."}],"issued":{"date-parts":[[2008]]},"title":"Endangered and Threatened Wildlife and Plants; Final Rule To List Six Foreign Birds as Endangered","container-title":"Federal Register, vol. 73, no. 11"},
{"id":"6355","author":[{"family":"American Ornithologists' Union"}],"issued":{"date-parts":[[1976]]},"title":"Thirty-third Supplement to the American Ornithologists' Union Check-list of North American Birds","container-title":"The Auk, vol. 93, no. 4"},
{"id":"13541","author":[{"family":"Gray","given":"G. R."}],"issued":{"date-parts":[[1867]]},"container-title":"List of the Specimens of Birds in the Collection of the British Museum, part 5, Gallinae"},
{"id":"2912","author":[{"family":"Peters, James L."}],"issued":{"date-parts":[[1937]]},"container-title":"Check-list of Birds of the World, vol. 3"},
{"id":"6383","author":[{"family":"Lowther, P. E., R. Fraga, T. S. Schulenberg, and S. M. Lanyon"}],"issued":{"date-parts":[[2004]]},"title":"Nomenclatural solution for a polyphyletic Agelaius","container-title":"Bulletin of the British Ornithologists' Club, vol. 124, no. 3"},
{"id":"13253","author":[{"family":"Dickinson, Edward C., Leslie K. Overstreet, Robert J. Dowsett, and Murray D. Bruce"}],"issued":{"date-parts":[[2011]]},"container-title":"Priority! The Dating of Scientific Names in Ornithology: A Directory to the Literature and its Reviewers"},
{"id":"18735","author":[{"family":"Temminck","given":"C. J."}],"issued":{"date-parts":[[1809]]},"container-title":"Histoire naturelle générale des Pigeons, livr. 10-11"},
{"id":"6102","author":[{"family":"Olson, Storrs L."}],"issued":{"date-parts":[[2000]]},"title":"A new genus for the Kerguelen Petrel","container-title":"Bulletin of the British Ornithologists' Club, vol. 120, no. 1"},
{"id":"13544","author":[{"family":"Conover"},{"family":"Boardman"}],"issued":{"date-parts":[[1949]]},"title":"A new species of Tinamus from Peru","container-title":"Fieldiana, Zoology, vol. 31, no. 30"},
{"id":"22667","author":[{"family":"Newton"},{"family":"Edward"},{"family":"Hans Gadow","non-dropping-particle":"and"}],"issued":{"date-parts":[[1893]]},"title":"On additional Bones of the dodo and other Extinct Birds of Mauritius obtained by Mr. Théodore Sauzier","container-title":"Transactions of the Zoological Society of London, vol. 13, no. 7"},
{"id":"10441","author":[{"family":"Oliveros, Carl H., Sushma Reddy, and Robert G. Moyle"}],"issued":{"date-parts":[[2012]]},"title":"The phylogenetic position of some Philippine 'babblers' spans the muscicapoid and sylvioid bird radiations","container-title":"Molecular Phylogenetics and Evolution, vol. 65, no. 2"},
{"id":"20608","author":[{"family":"Chesser, R. Terry, Shawn M. Billerman, Kevin J. Burns, Carla Cicero, John L. Dunn, et al."}],"issued":{"date-parts":[[2021]]},"title":"Addendum to the Sixty-first Supplement to the American Ornithological Society's Check-list of North American Birds","container-title":"Ornithology, vol. 138, no. 1"},
{"id":"13299","author":[{"family":"Baird, Spencer F., John Cassin, and George N. Lawrence"}],"issued":{"date-parts":[[1858]]},"title":"General Report upon the Zoology of the Several Pacific Railroad Routes. Birds","container-title":"Reports of Explorations and Surveys, to Ascertain the most Practicable and Economical Route for a Railroad from the Mississippi River to the Pacific Ocean, vol. 9, part 2"},
{"id":"8050","author":[{"family":"Fish and Wildlife Service","given":"U. S."}],"issued":{"date-parts":[[1991]]},"title":"Endangered and Threatened Wildlife and Plants; Animal Candidate Review for Listing as Endangered or Threatened Species","container-title":"Federal Register, vol. 56, no. 225"},
{"id":"13576","author":[{"family":"Geoffroy St.-Hilaire, Étienne"}],"issued":{"date-parts":[[1832]]},"container-title":"Magasin de Zoologie, 2nd annee, classe 2"},
{"id":"10439","author":[{"family":"Cibois"},{"family":"Alice"},{"family":"Jean-Claude Thibault"},{"family":"Eric Pasquet","non-dropping-particle":"and"}],"issued":{"date-parts":[[2008]]},"title":"Systematics of the extinct reed warblers Acrocephalus of the Society Islands of eastern Polynesia","container-title":"Ibis, vol. 150, no. 2"},
{"id":"10430","author":[{"family":"Dumbacher, John P., Kristy Deiner, Lindsey Thompson, and Robert C. Fleischer"}],"issued":{"date-parts":[[2008]]},"title":"Phylogeny of the avian genus Pitohui and the evolution of toxicity in birds","container-title":"Molecular Phylogenetics and Evolution, vol. 49, no. 3"},
{"id":"2924","author":[{"family":"del Hoyo, Josep, Andrew Elliott, and Jordi Sargatal, eds."}],"issued":{"date-parts":[[1994]]},"title":"New World Vultures to Guineafowl","container-title":"Handbook of the Birds of the World, vol. 2"},
{"id":"21758","author":[{"family":"Longmore, N. W., and W. E. Boles"}],"issued":{"date-parts":[[1983]]},"title":"Description and systematics of the Eungella honeyeater Meliphaga hindwoodi, a new species of honeyeater from central eastern Queensland, Australia","container-title":"Emu - Austral Ornithology, vol. 83, no. 2"},
{"id":"10429","author":[{"family":"Jønsson, Knud A., Rauri C. K. Bowie, Robert G. Moyle, Martin Irestedt, Les Christidis, et al."}],"issued":{"date-parts":[[2010]]},"title":"Phylogeny and biogeography of Oriolidae (Aves: Passeriformes)","container-title":"Ecography, vol. 33, no. 2"},
{"id":"20665","author":[{"family":"Oustalet","given":"M."}],"issued":{"date-parts":[[1876]]},"title":"Sur une nouvelle espèce de Salanganes","container-title":"Bulletin de la Société Philomathique de Paris, 6th series, vol. 13"},
{"id":"13311","author":[{"family":"Swainson"},{"family":"William"}],"issued":{"date-parts":[[1827]]},"title":"A Synopsis of the Birds discovered in Mexico by W. Bullock, F.L.S. and H.S., and Mr. William Bullock, jun.","container-title":"Philosophical Magazine, New Series, vol. 1, no. 6"},
{"id":"18740","author":[{"family":"Pittie, Aasheesh, and Edward C. Dickinson"}],"issued":{"date-parts":[[2006]]},"title":"The correct name of the Sri Lankan Woodpigeon and the citation for it original description","container-title":"Bulletin of the British Ornithologists' Club, vol. 126, no. 3"},
{"id":"4734","author":[{"family":"Taylor"},{"family":"Barry"}],"issued":{"date-parts":[[1988]]},"container-title":"Rails: A Guide to the Rails, Crakes, Gallinules and Coots of the World"},
{"id":"13259","author":[{"family":"Salvadori","given":"T."}],"issued":{"date-parts":[[1896]]},"title":"Uccelli raccolti da Don Eugenio dei Principi Ruspoli durante l'ultimo suo Viaggio nelle regioni dei Somalie e dei Galla","container-title":"Annali del Museo Civico di Storia Naturali di Genova, series 2, vol. 16"},
{"id":"13314","author":[{"family":"Bonaparte"},{"family":"Charles-Lucien"}],"issued":{"date-parts":[[1838]]},"title":"Nouvelle espèce d'oiseau du genre Rhamphocèle","container-title":"Revue Zoologique par La Société Cuvierienne, Janvier 1838"},
{"id":"2841","author":[{"family":"David"},{"family":"Normand"},{"family":"Michel Gosselin","non-dropping-particle":"and"}],"issued":{"date-parts":[[2002]]},"title":"Gender agreement of avian species names","container-title":"Bulletin of the British Ornithologists' Club, vol. 122, no. 1"},
{"id":"5310","author":[{"family":"Banks, Richard C., and M. Ralph Browning"}],"issued":{"date-parts":[[1996]]},"title":"Comments on the status of revived old names for some North American birds","container-title":"The Auk, vol. 112, no. 3"},
{"id":"6227","author":[{"family":"American Ornithologists' Union"}],"issued":{"date-parts":[[2003]]},"title":"Forty-fourth supplement to the American Ornithologists' Union check-list of North American Birds","container-title":"The Auk, vol. 120, no. 3"},
{"id":"13272","author":[{"family":"Wilson, Scott B."}],"issued":{"date-parts":[[1891]]},"title":"Descriptions of two new Species of Sandwich-Island Birds","container-title":"Annals and Magazine of Natural History, ser. 6, vol. 7, part 41"},
{"id":"20660","author":[{"family":"Stiles, F. Gary, J. V. Remsen Jr., and Jimmy A. McGuire"}],"issued":{"date-parts":[[2017]]},"title":"The generic classification of the Trochilini (Aves: Trochilidae): Reconciling taxonomy with phylogeny","container-title":"Zootaxa, vol. 4353, no. 3"},
{"id":"10378","author":[{"family":"Paynter, Raymond A., and Ernst Mayr, eds."}],"issued":{"date-parts":[[1968]]},"container-title":"Check-list of Birds of the World, vol. 14"},
{"id":"5315","author":[{"family":"Traylor, Melvin A. Jr."}],"issued":{"date-parts":[[1979]]},"title":"Two sibling speices of Tyrannus (Tyrannidae)","container-title":"The Auk, vol. 96, no. 2"},
{"id":"13271","author":[{"family":"Pratt"},{"family":"Douglas","given":"H."}],"issued":{"date-parts":[[2009]]},"title":"A new genus for the Hawai'i Creeper, with comments on generic limits among insectivorous Hawaiian Honeycreepers","container-title":"'Elepaio, vol. 69, no. 7"},
{"id":"13213","author":[{"family":"Dickinson, E. C., and L. Christidis, eds."}],"issued":{"date-parts":[[2014]]},"container-title":"The Howard and Moore Complete Checklist of the Birds of the World, 4th Edition, Vol. 2 Passerines"},
{"id":"15618","author":[{"family":"Ogilvie-Grant","given":"W. R."}],"issued":{"date-parts":[[1896]]},"title":"On the Birds of the Philippine Islands - Part VII. The Highlands of Mindoro","container-title":"The Ibis, 7th ser., vol. 2, no. 8"},
{"id":"17365","author":[{"family":"Linnaeus"},{"family":"Carolus"}],"issued":{"date-parts":[[1758]]},"container-title":"Systema naturae per regna tria naturae, secundum classes, ordines, genera, species, cum characteribus, differentiis, synonymis, locis, 10th Edition, vol. 1"},
{"id":"10464","author":[{"family":"Fish and Wildlife Service","given":"U. S."}],"issued":{"date-parts":[[1991]]},"title":"Endangered and Threatened Wildlife and Plants; Endangered Status for White-Necked Crow","container-title":"Federal Register, vol. 56, no. 64"},
{"id":"10419","author":[{"family":"Sharpe"},{"family":"Bowdler","given":"R."}],"issued":{"date-parts":[[1878]]},"title":"On the Collections of Birds made by Dr. Meyer during his Expedition to New Guinea and some neighbouring Islands","container-title":"Mittheilungen Aus Dem Zoologischen Museum zu Dresden, heft 3"},
{"id":"3603","author":[{"family":"Short, Lester L."}],"issued":{"date-parts":[[1982]]},"title":"Woodpeckers of the World","container-title":"Delaware Museum of Natural History Monograph Series, no. 4"},
{"id":"10489","author":[{"family":"Belmonte-Lopes, Ricardo, Gustavo A. Bravo, Marcos R. Bornschein, Giovanni N. Maurício, et al."}],"issued":{"date-parts":[[2012]]},"title":"Genetic and morphological data support placement of Myrmotherula gularis (Spix) in the monotypic genus Rhopias Cabanis and Heine (Aves: Passeriformes: Thamnophilidae)","container-title":"Zootaxa, issue 3451"},
{"id":"5347","author":[{"family":"American Ornithologists' Union"}],"issued":{"date-parts":[[1994]]},"title":"Thirty-ninth supplement to the American Ornithologists' Union Check-list of North American Birds","container-title":"The Auk, vol. 110, no. 3"},
{"id":"2909","author":[{"family":"American Ornithologists' Union"}],"issued":{"date-parts":[[1957]]},"container-title":"Check-list of North American Birds, 5th Edition"},
{"id":"10423","author":[{"family":"Tietze"},{"family":"Dieter Thomas and Jochen Martens"}],"issued":{"date-parts":[[2010]]},"title":"Intraspecific differentiation in Spotted Creepers, Salpornis spilonotus (Aves: Passeriformes: Certhiidae)","container-title":"Vertebrate Zoology, vol. 60, issue 2"},
{"id":"10401","author":[{"family":"Moyle, Robert G., Sabrina S. Taylor, Carl H. Oliveros, Haw Chuan Lim, Cheryl L. Haines, Mustafa A. R"}],"issued":{"date-parts":[[2011]]},"title":"Diversification of an Endemic Southeast Asian Genus: Phylogenetic Relationships of the Spiderhunters (Nectariniidae: Arachnothera)","container-title":"The Auk, vol. 128, no. 4"},
{"id":"3620","author":[{"family":"del Hoyo, Josep, Andrew Elliott, and Jordi Sargatal, eds."}],"issued":{"date-parts":[[1999]]},"title":"Barn-owls to Hummingbirds","container-title":"Handbook of the Birds of the World, vol. 5"},
{"id":"13525","author":[{"family":"Molina"},{"family":"Giovanni Ignazio"}],"issued":{"date-parts":[[1782]]},"container-title":"Saggio sulla storia naturale del Chili"},
{"id":"22660","author":[{"family":"Olson, Storrs L., and Pierre Jouventin"}],"issued":{"date-parts":[[1996]]},"title":"A New Species of Small Flightless Duck from Amsterdam Island, Southern Indian Ocean (Anatidae: Anas)","container-title":"The Condor, vol. 98, no. 1"},
{"id":"10389","author":[{"family":"Restall","given":"R. L."}],"issued":{"date-parts":[[1996]]},"title":"A proposed new species of munia, genus Lonchura (Estrildinae)","container-title":"Bulletin of the British Ornithologists' Club, vol. 116, no. 3"},
{"id":"10482","author":[{"family":"Hosner, Peter A., Nikki C. Boggess, Phillip Alviola, Luis A. Sánchez-González, et al."}],"issued":{"date-parts":[[2013]]},"title":"Phylogeography of the Robsonius Ground-Warblers (Passeriformes: Locustellidae) Reveals an Undescribed Species from Northeastern Luzon, Philippines","container-title":"The Condor, vol. 115, no. 3"},
{"id":"13601","author":[{"family":"Temminck","given":"C. J."}],"issued":{"date-parts":[[1815]]},"title":"Histoire Naturelle Générale des Gallinacés","container-title":"Histoire Naturelle Générale des Pigeons et des Gallinacés, vol. 3"},
{"id":"10479","author":[{"family":"Peterson","given":"T. A."}],"issued":{"date-parts":[[2013]]},"title":"Case 3623 Grallaria fenwickorum Barrera et al., 2010 (Aves, FORMICARIIDAE): proposed replacement of an indeterminate holotype by a neotype","container-title":"Bulletin of Zoological Nomenclature, vol. 70, no. 2"},
{"id":"10371","author":[{"family":"Oberholser, Harry C."}],"issued":{"date-parts":[[1899]]},"title":"Some untenable names in Ornithology","container-title":"Proceedings of the Academy of Natural Sciences of Philadelphia, vol. 51"},
{"id":"10414","author":[{"family":"Lawrence, Geo N."}],"issued":{"date-parts":[[1874]]},"title":"Descriptions of New Species of Birds from Mexico, Central America, and South America, with a Note on Ralus longirostris","container-title":"Annals of the Lyceum of Natural History of New York, vol. 10"},
{"id":"13281","author":[{"family":"Verreaux","given":"M. J."}],"issued":{"date-parts":[[1871]]},"title":"Note sur les Espèces Nouvelles D'oiseaux","container-title":"Nouvelles Archives du Muséum d'Histoire Naturelle, Bulletin, vol. 6"},
{"id":"5316","author":[{"family":"Roy, Michael S., Juan Carlos Torres-Mura, and Fritz Hertel"}],"issued":{"date-parts":[[1999]]},"title":"Molecular Phylogeny and Evolutionary History of the Tit-Tyrants (Aves: Tyrannidae)","container-title":"Molecular Phylogenetics and Evolution, vol. 11, no. 1"},
{"id":"6106","author":[{"family":"American Ornithologists' Union"}],"issued":{"date-parts":[[2000]]},"title":"Forty-second supplement to the American Ornithologists' Union Check-list of North American Birds","container-title":"The Auk, vol. 117, no. 3"},
{"id":"15623","author":[{"family":"Fitzpatrick, John W., and John P. O'Neill"}],"issued":{"date-parts":[[1986]]},"title":"Otus petersoni, a new Screech-owl from the eastern Andes, with systematic notes on O. colombianus and O. ingens","container-title":"Wilson Bulletin, vol. 98, no. 1"},
{"id":"13219","author":[{"family":"Wilson"},{"family":"Scott"}],"issued":{"date-parts":[[1890]]},"title":"Descriptions of some new Species of Sandwich-Island Birds","container-title":"Proceedings of the Zoological Society of London, vol. 57, no. 30"},
{"id":"13571","author":[{"family":"Gould"},{"family":"John"}],"issued":{"date-parts":[[1857]]},"container-title":"The Athenaeum, no. 1573"},
{"id":"10459","author":[{"family":"Fish and Wildlife Service","given":"U. S."}],"issued":{"date-parts":[[1986]]},"title":"Endangered and Threatened Wildlife and Plants; Findings on Pending Petitions and Description of Progress on Listing Actions","container-title":"Federal Register, vol. 51, no. 6"},
{"id":"13211","author":[{"family":"Brinkhuizen, Dusan M., Daniel López Velasco, Joan Ferrer Obiol, Guillermo Rodríguez, et al."}],"issued":{"date-parts":[[2011]]},"title":"First record of Blue Grosbeak Passerina caerulea in western Ecuador","container-title":"Cotinga, vol. 33"},
{"id":"3618","author":[{"family":"Progogine"},{"family":"Alexandre"}],"issued":{"date-parts":[[1983]]},"title":"Un nouveau Glaucidium de l'Afrique centrale (Aves, Strigidae)","container-title":"Revue de Zoologie Africaine, vol. 97, no. 4"},
{"id":"10507","author":[{"family":"Alström, Per, Takema Saitoh, Dawn Williams, Isao Nishiumi, Yoshimitsu Shigeta, Keisuke Ueda, et al."}],"issued":{"date-parts":[[2011]]},"title":"The Arctic Warbler Phylloscopus borealis - three anciently separated cryptic species revealed","container-title":"Ibis, vol. 153, no. 2"},
{"id":"6266","author":[{"family":"American Ornithologists' Union"}],"issued":{"date-parts":[[1991]]},"title":"Thirty-eighth supplement to the American Ornithologists' Union check-list of North American birds","container-title":"The Auk, vol. 108, no. 3"},
{"id":"10440","author":[{"family":"Sangster"},{"family":"George"},{"family":"Per Alström"},{"family":"Emma Forsmark"},{"family":"Urban Olsson","non-dropping-particle":"and"}],"issued":{"date-parts":[[2010]]},"title":"Multi-locus phylogenetic analysis of Old World chats and flycatchers reveals extensive paraphyly at family, subfamily and genus level (Aves: Muscicapidae)","container-title":"Molecular Phylogenetics and Evolution, vol. 57, no. 1"},
{"id":"22535","author":[{"family":"Bonaparte"},{"family":"Charles Lucien"}],"issued":{"date-parts":[[1854]]},"title":"Coup d'oeil sur l'ordre des Pigeons","container-title":"Comptes Rendus Hebdomadaires des Séances de l'Académie des Sciences, vol. 39, no. 19"},
{"id":"2911","author":[{"family":"American Ornithologists' Union"}],"issued":{"date-parts":[[1998]]},"container-title":"Check-list of North American Birds, 7th Edition"},
{"id":"10504","author":[{"family":"Bravo, Gustavo A., R. Terry Chesser, and Robb T. Brumfield"}],"issued":{"date-parts":[[2012]]},"title":"Isleria, a new genus of antwren (Aves: Passeriformes: Thamnophilidae)","container-title":"Zootaxa, issue 3195"},
{"id":"10477","author":[{"family":"Carantón-Ayala"},{"family":"Diego"},{"family":"Katherine Certuche-Cubillos","non-dropping-particle":"and"}],"issued":{"date-parts":[[2010]]},"title":"A New Species of Antpitta (Grallariidae: Grallaria) from fhe Northern Sector of the Western Andes of Colombia","container-title":"Ornitología Colombiana, no. 9"},
{"id":"13538","author":[{"family":"Shaw"},{"family":"George"}],"issued":{"date-parts":[[1813]]},"container-title":"Vivarium naturae or the Naturalist's Miscellany, vol. 24, fascicle 286"},
{"id":"13242","author":[{"family":"Elliot"},{"family":"Edwards","given":"D. G.","non-dropping-particle":"in"},{"family":"Milne","given":"M."}],"issued":{"date-parts":[[1865]]},"title":"Rapport sur quelques acquisitions nouvelles faites par la Galerie ornithologique du Muséum, adressé à l'assemblée des professeurs-administrateurs","container-title":"Nouvelles Archives du Muséum d'Histoire Naturelle, vol. 1"},
{"id":"10483","author":[{"family":"Alström, Per, Silke Fregin, Janette A. Norman, Per G.P. Ericson, Les Christidis, and Urban Olsson"}],"issued":{"date-parts":[[2011]]},"title":"Multilocus analysis of a taxonomically densely sampled dataset reveal extensive non-monophyly in the avian family Locustellidae","container-title":"Molecular Phylogenetics and Evolution, vol. 58, no. 3"},
{"id":"7502","author":[{"family":"Mayr, Ernst, and James C. Greenway, Jr., eds."}],"issued":{"date-parts":[[1960]]},"container-title":"Check-list of Birds of the World, vol. 9"},
{"id":"6279","author":[{"family":"American Ornithologists' Union"}],"issued":{"date-parts":[[1945]]},"title":"Twentieth supplement to the American Ornithologists' Union Check-list of North American Birds","container-title":"The Auk, vol. 62, no. 3"},
{"id":"10481","author":[{"family":"Fraser"},{"family":"Ian"},{"family":"Jeannie Gray","non-dropping-particle":"and"}],"issued":{"date-parts":[[2013]]},"container-title":"Australian Bird Names: A Complete Guide"},
{"id":"3608","author":[{"family":"Sibley, Charles G., and Burt L. Monroe, Jr."}],"issued":{"date-parts":[[1991]]},"container-title":"Distribution and Taxonomy of Birds of the World"},
{"id":"10484","author":[{"family":"Olsson, Urban, Martin Irestedt, George Sangster, Per G.P. Ericson, and Per Alström"}],"issued":{"date-parts":[[2013]]},"title":"Systematic revision of the avian family Cisticolidae based on a multi-locus phylogeny of all genera","container-title":"Molecular Phylogenetics and Evolution, vol. 66, no. 3"},
{"id":"13276","author":[{"family":"Ridgway"},{"family":"Robert"}],"issued":{"date-parts":[[1894]]},"title":"Descriptions of twenty-two new species of birds from the Galapagos Islands","container-title":"Proceedings of the United States National Museum, vol. 17"},
{"id":"10455","author":[{"family":"Fuchs, Jérôme, Timothy M. Crowe, and Rauri C. K. Bowie"}],"issued":{"date-parts":[[2011]]},"title":"Phylogeography of the fiscal shrike (Lanius collaris): a novel pattern of genetic structure across the arid zones and savannas of Africa","container-title":"Journal of Biogeography, vol. 38, no. 11"},
{"id":"10488","author":[{"family":"Fish and Wildlife Service","given":"U. S."}],"issued":{"date-parts":[[2010]]},"title":"Endangered and Threatened Wildlife and Plants; Listing Seven Brazilian Bird Species as Endangered Throughout Their Range","container-title":"Federal Register, vol. 75, no. 248"},
{"id":"5363","author":[{"family":"Grau, Erwin T., Sérgio Luiz Pereira, Luís Fábio Silveira, Elizabeth Höfling, and Anita Wajntal"}],"issued":{"date-parts":[[2005]]},"title":"Molecular phylogenetics and biogeography of Neotropical piping guans (Aves: Galliformes): Pipile Bonaparte, 1856 is synonym of Aburria Reichenbach, 1853","container-title":"Molecular Phylogenetics and Evolution, vol. 35, issue 3"},
{"id":"13278","author":[{"family":"Ridgway"},{"family":"Robert"}],"issued":{"date-parts":[[1901]]},"title":"The birds of North and Middle America","container-title":"Bulletin of the United States National Museum, no. 50, part 1"},
{"id":"7849","author":[{"family":"Fish and Wildlife Service","given":"U. S."}],"issued":{"date-parts":[[1994]]},"title":"Endangered and Threatened Wildlife and Plants; Animal Candidate Review for Listing as Endangered or Threatened Species","container-title":"Federal Register, vol. 59, no. 219"},
{"id":"13230","author":[{"family":"Stiles"},{"family":"Gary","given":"F."}],"issued":{"date-parts":[[1996]]},"title":"When Black Plus White Equals Gray: the Nature of Variation in the Variable Seedeater Complex (Emberizinae: Sporophila)","container-title":"Ornitología Neotropical, vol. 7, no. 2"},
{"id":"13241","author":[{"family":"Hellmayr","given":"C. E."}],"issued":{"date-parts":[[1910]]},"container-title":"Bulletin of the British Ornithologists' Club, vol. 25, no. 161"},
{"id":"5322","author":[{"family":"American Ornithologists' Union"}],"issued":{"date-parts":[[2004]]},"title":"Forty-fifth supplement to the American Ornithologists' Union Check-list of North American birds","container-title":"The Auk, vol. 121, no. 3"},
{"id":"13586","author":[{"family":"Oustalet","given":"M. E."}],"issued":{"date-parts":[[1890]]},"title":"Description d'un nouveau Tinamou de la Patagonie","container-title":"Annales des Sciences Naturelles Zoologie, 7th Series, vol. 9"},
{"id":"13591","author":[{"family":"Pelzeln"},{"family":"August"}],"issued":{"date-parts":[[1863]]},"title":"Ueber vier von Natterer in Brasilien gesammelte, noch unbeschriebene Vogelarten","container-title":"Verhandlungen der Kaiserlich-Königlichen zoologisch-botanischen Gesellschaft in Wien, vol. 13"},
{"id":"13193","author":[{"family":"David"},{"family":"Normand"},{"family":"Michel Gosselin","non-dropping-particle":"and"}],"issued":{"date-parts":[[2011]]},"title":"Gender agreement of avian species-group names under Article 31.2.2 of the ICZN Code","container-title":"Bulletin of the British Ornithologists' Club, vol. 131, no. 2"},
{"id":"20646","author":[{"family":"Holyoak","given":"D. T."}],"issued":{"date-parts":[[1974]]},"title":"Undescribed land birds from the Cook Islands, Pacific Ocean","container-title":"Bulletin of the British Ornithologists' Club, vol. 94, no. 4"},
{"id":"13235","author":[{"family":"Ogilvie-Grant","given":"W. R."}],"issued":{"date-parts":[[1913]]},"container-title":"Bulletin of the British Ornithologists' Club, vol. 31, no. 188"},
{"id":"16753","author":[{"family":"Linné"},{"family":"Carl von"}],"issued":{"date-parts":[[1767]]},"container-title":"Systema Naturae, 12th Edition, vol. 1, pt. 2"},
{"id":"2915","author":[{"family":"Howard"},{"family":"Richard"},{"family":"Alick Moore","non-dropping-particle":"and"}],"issued":{"date-parts":[[1991]]},"container-title":"A Complete Checklist of the Birds of the World, 2nd Edition"},
{"id":"10485","author":[{"family":"Fish and Wildlife Service","given":"U. S."}],"issued":{"date-parts":[[2009]]},"title":"Endangered and Threatened Wildlife and Plants; Annual Notice of Findings on Resubmitted Petitions for Foreign Species; Annual Description of Progress on Listing Actions","container-title":"Federal Register, vol. 74, no. 154"},
{"id":"15621","author":[{"family":"Olson, Storrs L., and William Suárez"}],"issued":{"date-parts":[[2008]]},"title":"A new generic name for the Cuban Bare-legged Owl Gymnoglaux lawrencii, Sclater and Salvin","container-title":"Zootaxa, vol. 1960"},
{"id":"13264","author":[{"family":"Gmelin","given":"J. F."}],"issued":{"date-parts":[[1788]]},"container-title":"Systema Naturae, per regna tria Naturae: secundum Classes, Ordines, Genera, Species, cum Characteribus, Differentiis, Synonymis, Locis, vol. 1, part 1"},
{"id":"15636","author":[{"family":"Deignan","given":"H. G."}],"issued":{"date-parts":[[1950]]},"title":"The Races of the Collared Scops Owl, Otus bakkamoena Pennant","container-title":"The Auk, vol. 67, no. 2"},
{"id":"11642","author":[{"family":"Olson, Storrs L., and James L. Reveal"}],"issued":{"date-parts":[[2009]]},"title":"Nomenclatural History and a New Name for the Blue-winged Warbler (Aves: Parulidae)","container-title":"The Wilson Journal of Ornithology, vol. 121, no. 3"},
{"id":"10457","author":[{"family":"Fish and Wildlife Service","given":"U. S."}],"issued":{"date-parts":[[1985]]},"title":"Endangered and Threatened Wildlife and Plants; Determination To Remove Three Palau Birds From the List of Endangered and Threatened Wildlife","container-title":"Federal Register, vol. 50, no. 177"},
{"id":"10437","author":[{"family":"Saitoh"},{"family":"Takema"},{"family":"Alice Cibois"},{"family":"Sayaka Kobayashi"},{"family":"Eric Pasquet"},{"family":"Jean-Claude Thibault","non-dropping-particle":"and"}],"issued":{"date-parts":[[2012]]},"title":"The complex systematics of the Acrocephalus of the Mariana Islands, western Pacific","container-title":"Emu, vol. 112, no. 4"},
{"id":"10409","author":[{"family":"Bryan, E.H. Jr., and J. C. Greenway Jr."}],"issued":{"date-parts":[[1944]]},"title":"Contribution to the Ornithology of the Hawaiian Islands","container-title":"Bulletin of the Museum of Comparative Zoology at Harvard College, vol. 94, no. 2"},
{"id":"10476","author":[{"family":"Fish and Wildlife Service","given":"U. S."}],"issued":{"date-parts":[[2009]]},"title":"Endangered and Threatened Wildlife and Plants; Proposed Rule to List Five Foreign Bird Species in Colombia and Ecuador, South America, under the Endangered Species Act","container-title":"Federal Register, vol. 74, no. 128"},
{"id":"10412","author":[{"family":"Steinheimer, Frank D."}],"issued":{"date-parts":[[2005]]},"title":"The nomenclature of Eduard Rüppell's birds from north-east Africa","container-title":"Bulletin of the British Ornithologists' Club, vol. 125, no. 3"},
{"id":"18753","author":[{"family":"Schodde, Richard, Edward C. Dickinson, Frank D. Steinheimer, and Walter J. Bock"}],"issued":{"date-parts":[[2010]]},"title":"The Date of Latham's Supplementum Indicis Ornithologici: 1801 or 1802?","container-title":"South Australian Ornithologist, vol. 35, no. 8"},
{"id":"13255","author":[{"family":"Daudin","given":"F. M."}],"issued":{"date-parts":[[1800]]},"container-title":"Traité élémentaire et complet d'ornithologie, ou, Histoire naturelle des oiseaux, vol. 2"},
{"id":"10454","author":[{"family":"Lara, Carlos Esteban, Andrés M. Cuervo, Sandra V. Valderrama, Diego Calderón-F., et al."}],"issued":{"date-parts":[[2012]]},"title":"A new species of wren (Troglodytidae: Thryophilus) from the dry Cauca River Canyon, northwestern Colombia","container-title":"The Auk, vol. 129, no. 3"},
{"id":"13263","author":[{"family":"Wilson, Scott B."}],"issued":{"date-parts":[[1889]]},"title":"On three undescribed Species of the Genus Hemignathus, Lichtenstein","container-title":"Annals and Magazine of Natural History, ser. 6, vol. 4, part 23"},
{"id":"13268","author":[{"family":"Wilson"},{"family":"Alexander"}],"issued":{"date-parts":[[1810]]},"container-title":"American Ornithology; or, The Natural History of the Birds of the United States, vol. 2"},
{"id":"10413","author":[{"family":"Gould"},{"family":"John"}],"issued":{"date-parts":[[1854]]},"title":"Descriptions of a new species of Ptilotis and a new species of Eopsaltria","container-title":"Proceedings of the Zoological Society of London, pt. 19"},
{"id":"18718","author":[{"family":"David, Normand, and Steven M. S. Gregory"}],"issued":{"date-parts":[[2008]]},"title":"The gender of genera ending in -oenas","container-title":"Bulletin of the British Ornithologists' Club, vol. 128, no. 4"},
{"id":"13518","author":[{"family":"Oustalet, É., and G. Grandidier"}],"issued":{"date-parts":[[1903]]},"title":"Description d'une nouvelle espèce d'Oiseau, type d'un genre nouveau, provenant de Madagascar","container-title":"Bulletin du Muséum National d'Histoire Naturelle, vol. 9, no. 1"},
{"id":"8043","author":[{"family":"Riesinga, Martin J., Luise Kruckenhausera, Anita Gamaufa, and Elisabeth Haring"}],"issued":{"date-parts":[[2003]]},"title":"Molecular phylogeny of the genus Buteo (Aves: Accipitridae) based on mitochondrial marker sequences","container-title":"Molecular Phylogenetics and Evolution, vol. 27, no. 2"},
{"id":"6229","author":[{"family":"American Ornithologists' Union"}],"issued":{"date-parts":[[1996]]},"title":"Fortieth supplement to the American Ornithologists' Union Check-list of North American Birds","container-title":"The Auk, vol. 112, no. 3"},
{"id":"22680","author":[{"family":"Gould"},{"family":"John"}],"issued":{"date-parts":[[1852]]},"title":"Zoological","container-title":"The Literary Gazette, no. 1836"},
{"id":"10462","author":[{"family":"Fish and Wildlife Service","given":"U. S."}],"issued":{"date-parts":[[1987]]},"title":"Endangered and Threatened Wildlife and Plants; Threatened Status for the Florida Scrub Jay","container-title":"Federal Register, vol. 52, no. 106"},
{"id":"6230","author":[{"family":"American Ornithologists' Union"}],"issued":{"date-parts":[[2006]]},"title":"Forty-seventh supplement to the American Ornithologists' Union Check-list of North American Birds","container-title":"The Auk, vol. 123, no. 3"},
{"id":"5353","author":[{"family":"Livezey, Bradley C."}],"issued":{"date-parts":[[1995]]},"title":"Phylogeny and Evolutionary Ecology of Modern Seaducks (Anatidae: Mergini)","container-title":"The Condor, vol. 9, no. 1"},
{"id":"10474","author":[{"family":"Fish and Wildlife Service","given":"U. S."}],"issued":{"date-parts":[[2006]]},"title":"Endangered and Threatened Wildlife and Plants; Threatened Status for the Florida Scrub Jay","container-title":"Federal Register, vol. 71, no. 16"},
{"id":"10431","author":[{"family":"Norman, Janette A., Per G.P. Ericson, Knud A. Jønsson, Jon Fjeldså, Les Christidis"}],"issued":{"date-parts":[[2009]]},"title":"A multi-gene phylogeny reveals novel relationships for aberrant genera of Australo-Papuan core Corvoidea and polyphyly of the Pachycephalidae and Psophodidae (Aves: Passeriformes)","container-title":"Molecular Phylogenetics and Evolution, vol. 52, no. 2"},
{"id":"10470","author":[{"family":"Fish and Wildlife Service","given":"U. S."}],"issued":{"date-parts":[[2004]]},"title":"Endangered and Threatened Wildlife and Plants; Endangered Status for the Rota Bridled White-Eye (Zosterops rotensis) From the Commonwealth of the Northern Mariana Islands","container-title":"Federal Register, vol. 69, no. 14"},
{"id":"10449","author":[{"family":"Voelker, G., and R. K. Outlaw"}],"issued":{"date-parts":[[2008]]},"title":"Establishing a perimeter position: speciation around the Indian Ocean Basin","container-title":"Journal of Evolutionary Biology, vol. 21, no. 6"},
{"id":"6385","author":[{"family":"Lougheed, Stephen C., Joanna R. Freeland, Paul Handford, and Peter T. Boag"}],"issued":{"date-parts":[[2000]]},"title":"A Molecular Phylogeny of Warbling-Finches (Poospiza): Paraphyly in a Neotropical Emberizid Genus","container-title":"Molecular Phylogenetics and Evolution, vol. 17, no. 3"},
{"id":"10420","author":[{"family":"Zuccon, Dario, Eric Pasquet, and Per G. P. Ericson"}],"issued":{"date-parts":[[2008]]},"title":"Phylogenetic relationships among Palearctic-Oriental starlings and mynas (genera Sturnus and Acridotheres: Sturnidae)","container-title":"Zoologica Scripta, vol. 37, no. 5"},
{"id":"2525","author":[{"family":"Taylor, Rowland H., Gary W. Kaiser, and Mark C. Drever"}],"issued":{"date-parts":[[2000]]},"title":"Eradication of Norway Rats for Recovery of Seabird Habitat on Langara Island, British Columbia","container-title":"Restoration Ecology, vol. 8, issue 2"},
{"id":"16538","author":[{"family":"Cabanis","given":"J."}],"issued":{"date-parts":[[1849]]},"title":"Voegel","container-title":"Reisen in Britisch-Guiana in den Jahren 1840-1844. Nebst einer Fauna und Flora Guiana's nach Vorlagen von Johannes Müller, Ehrenberg, Erichson, Klotzsch, Troschel, Cabanis und Andern, vol. 3"},
{"id":"6275","author":[{"family":"Cicero"},{"family":"Carla"}],"issued":{"date-parts":[[2000]]},"title":"Oak Titmouse (Baeolophus inornatus) and Juniper Titmouse (Baeolophus ridgwayi)","container-title":"The Birds of North America, no. 485"},
{"id":"10393","author":[{"family":"Parker, Theodore A., III, and John P. O'Neill"}],"issued":{"date-parts":[[1985]]},"title":"A new species and a new subspecies of Thryothorus wren from Peru","container-title":"Ornithological Monographs, no. 36"},
{"id":"13291","author":[{"family":"Ogilvie-Grant","given":"W. R."}],"issued":{"date-parts":[[1911]]},"container-title":"Bulletin of the British Ornithologists' Club, vol. 27, no. 166"},
{"id":"4738","author":[{"family":"Collar, N. J. / del Hoyo, Josep, Andrew Elliott, and Jordi Sargatal, eds."}],"issued":{"date-parts":[[1996]]},"title":"Family Otididae (Bustards)","container-title":"Handbook of the Birds of the World, vol. 3: Hoatzin to Auks"},
{"id":"10392","author":[{"family":"Colston","given":"P. R."}],"issued":{"date-parts":[[1972]]},"title":"A new bulbul from southwestern Madagascar","container-title":"Ibis, vol. 114, no. 1"},
{"id":"3625","author":[{"family":"Banks, Richard C., C. Cicero, J. L. Dunn, A. W. Kratter, P. C. Rasmussen, J. V. Remsen, Jr., et al."}],"issued":{"date-parts":[[2003]]},"title":"Forty-fourth supplement to the American Ornithologists' Union Check-list of North American Birds","container-title":"The Auk, vol. 120, no. 3"},
{"id":"13251","author":[{"family":"Lafresnaye","given":"M. F."}],"issued":{"date-parts":[[1847]]},"title":"Quelques oiseaux nouveaux de Bolivie et de Nouvelle-Grenade","container-title":"Revue Zoologique par La Société Cuvierienne, Mars 1847"},
{"id":"20275","author":[{"family":"Olson, Storrs L."}],"issued":{"date-parts":[[2013]]},"title":"Fossil woodpeckers from Bermuda with the description of a new species of Colaptes (Aves: Picidae)","container-title":"Proceedings of the Biological Society of Washington, vol. 126, no. 1"},
{"id":"10521","author":[{"family":"Fish and Wildlife Service","given":"U. S."}],"issued":{"date-parts":[[2013]]},"title":"Endangered and Threatened Wildlife and Plants; Listing Five Foreign Bird Species in Colombia and Ecuador, South America, as Endangered Throughout Their Range","container-title":"Federal Register, vol. 78, no. 209"},
{"id":"10467","author":[{"family":"Hosner, Peter A., Árpád S. Nyári, and Robert G. Moyle"}],"issued":{"date-parts":[[2013]]},"title":"Water barriers and intra-island isolation contribute to diversification in the insular Aethopyga sunbirds (Aves: Nectariniidae)","container-title":"Journal of Biogeography, vol. 40, no. 6"},
{"id":"15638","author":[{"family":"Wallace, Alfred R."}],"issued":{"date-parts":[[1864]]},"title":"A List of the Birds Inhabiting the Islands of Timor, Flores, and Lombock, with Descriptions of the New Species","container-title":"Proceedings of the Zoological Society of London, vol. 31, no. 30"},
{"id":"13528","author":[{"family":"Brehm"},{"family":"Christian Ludwig"}],"issued":{"date-parts":[[1831]]},"container-title":"Handbuch der Naturgeschichte aller Vögel Deutschlands, worin den sorgfältigsten Untersuchungen und den genauesten Beobachtungen mehr als 900 einheimische Vögel-Gattungen zur Begründung einer ganz neuen Ansicht und Behandlung ihrer Naturgeschichte ..."},
{"id":"10373","author":[{"family":"Mayr, Ernst, and James C. Greenway, Jr., eds."}],"issued":{"date-parts":[[1962]]},"container-title":"Check-list of Birds of the World, vol. 15"},
{"id":"13250","author":[{"family":"Wied-Neuwied","non-dropping-particle":"zu"},{"family":"Maximilian"}],"issued":{"date-parts":[[1830]]},"container-title":"Beiträge zur Naturgeschichte von Brasilien, vol. 3"},
{"id":"10386","author":[{"family":"Peters"},{"family":"James Lee"}],"issued":{"date-parts":[[1951]]},"container-title":"Check-list of Birds of the World, vol. 7"},
{"id":"13550","author":[{"family":"Tennyson, Alan J. D., Ricardo L. Palma, Hugh A. Robertson, Trevor H. Worthy, and B. J. Gill"}],"issued":{"date-parts":[[2003]]},"title":"A new species of Kiwi (Aves, Apterygiformes) from Okarito, New Zealand","container-title":"Records of the Auckland Museum, vol. 40"},
{"id":"10446","author":[{"family":"Mlíkovský"},{"family":"Jirí"}],"issued":{"date-parts":[[2012]]},"title":"Correct name for the Asian Brown Flycatcher (Aves: Muscicapidae, Muscicapa)","container-title":"Zootaxa, issue 3393"},
{"id":"11640","author":[{"family":"Lovette, Irby J., Jorge L. Pérez-Emán, John P. Sullivan, Richard C. Banks, et al."}],"issued":{"date-parts":[[2010]]},"title":"A comprehensive multilocus phylogeny for the wood-warblers and a revised classification of the Parulidae (Aves)","container-title":"Molecular Phylogenetics and Evolution, vol. 57"},
{"id":"6104","author":[{"family":"Warham, J. / Stonehouse, Bernard, ed."}],"issued":{"date-parts":[[1975]]},"title":"The Crested Penguins","container-title":"The Biology of Penguins"},
{"id":"13560","author":[{"family":"Blyth"},{"family":"Edward"}],"issued":{"date-parts":[[1860]]},"title":"Proceedings of the Asiatic Society of Bengal, for March, 1860","container-title":"Journal of the Asiatic Society of Bengal, vol. 29, no. 1"},
{"id":"13289","author":[{"family":"Edwards"},{"family":"Milne","given":"M."}],"issued":{"date-parts":[[1865]]},"title":"Rapport sur diverses collections envoyées au muséum par le P. Armand David, missionnaire de la congrégation des Lazaristes, a Pékin","container-title":"Nouvelles Archives du Muséum d'Histoire Naturelle, Bulletin, vol. 1"},
{"id":"4732","author":[{"family":"Mayr"},{"family":"Ernst"}],"issued":{"date-parts":[[1933]]},"title":"Birds collected during the Whitney South Sea Expedition. XXII: Three new genera from Polynesia and Melanesia","container-title":"American Museum Novitates, no. 590"},
{"id":"18724","author":[{"family":"Ramsay","given":"E. P."}],"issued":{"date-parts":[[1878]]},"title":"Descriptions of three supposed new species of Birds from the New Hebrides","container-title":"Proceedings of the Linnean Society of New South Wales, vol. 2"},
{"id":"22553","author":[{"family":"Lane, Daniel F., Miguel Angel Aponte Justiniano, Ryan S. Terrill, Frank E. Rheindt, Luke B. Klicka,"}],"issued":{"date-parts":[[2021]]},"title":"A new genus and species of tanager (Passeriformes, Thraupidae) from the lower Yungas of western Bolivia and southern Peru","container-title":"Ornithology, vol. 138, no. 4"},
{"id":"13531","author":[{"family":"Griscom"},{"family":"Ludlow"}],"issued":{"date-parts":[[1929]]},"title":"Studies from the Dwight Collection of Guatemala Birds. I","container-title":"American Museum Novitates, no. 379"},
{"id":"3755","author":[{"family":"Peters"},{"family":"James Lee"}],"issued":{"date-parts":[[1940]]},"container-title":"Check-list of Birds of the World, vol. 4"},
{"id":"13243","author":[{"family":"Berlepsch","non-dropping-particle":"von"},{"family":"Hans"}],"issued":{"date-parts":[[1897]]},"container-title":"Bulletin of the British Ornithologists' Club, vol. 7, no. 47"},
{"id":"13520","author":[{"family":"Daudin"},{"family":"Francois Marie"}],"issued":{"date-parts":[[1802]]},"container-title":"Histoire Naturelle par Buffon. Quadrupedes, vol. 14"},
{"id":"3604","author":[{"family":"Short, Lester L."}],"issued":{"date-parts":[[1969]]},"title":"Taxonomic aspects of avian hybridization","container-title":"The Auk, vol. 86, no. 1"},
{"id":"7505","author":[{"family":"Hartlaub","given":"G."}],"issued":{"date-parts":[[1865]]},"title":"Monographische Studien über die Gruppe der Campephaginen","container-title":"Journal für Ornithologie, vol. 13, no. 3"},
{"id":"13317","author":[{"family":"Ogilvie-Grant","given":"W. R."}],"issued":{"date-parts":[[1900]]},"container-title":"Bulletin of the British Ornithologists' Club, vol. 11, no. 75"},
{"id":"16542","author":[{"family":"Gould"},{"family":"John"}],"issued":{"date-parts":[[1846]]},"container-title":"The Annals and Magazine of Natural History, ser. 1, vol. 17, supplementary no. 115"},
{"id":"13286","author":[{"family":"Sharpe"},{"family":"Bowdler","given":"R."}],"issued":{"date-parts":[[1888]]},"title":"Catalogue of the Passeriformes, or Perching Birds, in the Collection of the British Museum. Fringilliformes: Part III. Containing the Family Fringillidae","container-title":"Catalogue of the Birds in the British Museum, vol. 12"},
{"id":"13540","author":[{"family":"Gould"},{"family":"John"}],"issued":{"date-parts":[[1847]]},"title":"On a new species of Apteryx","container-title":"Proceedings of the Zoological Society of London, vol. 15, no. 175"},
{"id":"10473","author":[{"family":"Fish and Wildlife Service","given":"U. S."}],"issued":{"date-parts":[[2004]]},"title":"Endangered and Threatened Wildlife and Plants; Final Rule To Remove the Tinian Monarch From the Federal List of Endangered and Threatened Wildlife","container-title":"Federal Register, vol. 69, no. 182"},
{"id":"6269","author":[{"family":"Klicka, John, Gary Voelker, and Garth M. Spellman"}],"issued":{"date-parts":[[2005]]},"title":"A molecular phylogenetic analysis of the \"true thrushes\" (Aves: Turdinae)","container-title":"Molecular Phylogenetics and Evolution, vol. 32, no. 3"},
{"id":"18750","author":[{"family":"Lesson, R. P., and P. Garnot"}],"issued":{"date-parts":[[1828]]},"title":"Zoologie","container-title":"Voyage autour du Monde, exécuté par order du Roi, sur la Corvette de Sa Majesté, La Coquille, pendant les années 1822, 1823, 1824 et 1825, vol. 1, pt. 1, livr. 6"},
{"id":"5346","author":[{"family":"American Ornithologists' Union"}],"issued":{"date-parts":[[1973]]},"title":"Thirty-second supplement to the American Ornithologists' Union check-list of North American Birds","container-title":"The Auk, vol. 90, no. 2"},
{"id":"13526","author":[{"family":"Pallas","given":"P. S."}],"issued":{"date-parts":[[1811]]},"container-title":"Zoographia Rosso-Asiatica, sistens omnium animalium in extenso Imperio Rossico et adjacentibus maribus observatorum recensionem, domicilia, mores et desciptiones, anatomen atque icones plurimorum, vol. 2"},
{"id":"22682","author":[{"family":"Wei, Chentao, Manuel Schweizer, Pavel S. Tomkovich, Vladimir Yu Arkhipov, Michael Romanov, et al."}],"issued":{"date-parts":[[2022]]},"title":"Genome-wide data reveal paraphyly in the sand plover complex (Charadrius mongolus/leschenaultii)","container-title":"Ornithology, vol. 139, no. 2, ukab085"},
{"id":"13533","author":[{"family":"Verreaux, M. M. Jules, and O. Des Murs"}],"issued":{"date-parts":[[1860]]},"title":"Description d'Oiseaux nouveaux de la Nouvelle-Calédonie et indication des espéces déjà connues de ce pays","container-title":"Revue et Magasin de Zoologie Pure et Appliquée, ser. 2, vol. 12"},
{"id":"15627","author":[{"family":"Mourer-Chauviré"},{"family":"Cécile"},{"family":"Roger Bour"},{"family":"François Moutou"},{"family":"Sonia Ribes","non-dropping-particle":"and"}],"issued":{"date-parts":[[1994]]},"title":"Mascarenotus nov. gen. (Aves, Strigiformes), genre endémique éteint des Mascareignse et M. grucheti n. sp., espèce éteint de La Réunion","container-title":"Comptes Rendus de l'Académie des Sciences de Paris, ser. 2, vol. 318"},
{"id":"8056","author":[{"family":"Fish and Wildlife Service","given":"U. S."}],"issued":{"date-parts":[[2011]]},"title":"Endangered and Threatened Wildlife and Plants; Withdrawal of the Proposed Rule To List the Mountain Plover as Threatened","container-title":"Federal Register, vol. 76, no. 92"},
{"id":"2843","author":[{"family":"Sibley, Charles G., and Burt L. Monroe, Jr."}],"issued":{"date-parts":[[1993]]},"container-title":"A Supplement to Distribution and Taxonomy of Birds of the World"},
{"id":"10501","author":[{"family":"Alström, Per, Sebastian Höhna, Magnus Gelang, Per G. P. Ericson, and Urban Olsson"}],"issued":{"date-parts":[[2011]]},"title":"Non-monophyly and intricate morphological evolution within the avian family Cettiidae revealed by multilocus analysis of a taxonomically densely sampled dataset","container-title":"BMC Evolutionary Biology, vol. 11, no. 352"},
{"id":"7504","author":[{"family":"Fish and Wildlife Service","given":"U. S."}],"issued":{"date-parts":[[1974]]},"title":"Taking, Possession, Transportation, Sale, Purchase, Barter, Exportation, and Importation of Wildlife","container-title":"Federal Register, vol. 39, no. 3"},
{"id":"8069","author":[{"family":"American Ornithologists' Union"}],"issued":{"date-parts":[[2008]]},"title":"Forty-ninth supplement to the American Ornithologists' Union Check-list of North American Birds","container-title":"The Auk, vol. 125, no. 3"},
{"id":"13298","author":[{"family":"Ridgway"},{"family":"Robert"}],"issued":{"date-parts":[[1876]]},"title":"Ornithology of the Guadeloupe Island, based on notes and collections made by Dr. Edward Palmer","container-title":"Bulletin of the United States Geological and Geographical Survey of the Territories, vol. 2, no. 2"},
{"id":"13577","author":[{"family":"Zimmer, John T., and William H. Phelps"}],"issued":{"date-parts":[[1945]]},"title":"New species and subspecies of birds from Venezulea. 2","container-title":"American Museum Novitates, no. 1274"},
{"id":"20609","author":[{"family":"Lawrence","given":"G. N."}],"issued":{"date-parts":[[1851]]},"title":"Descriptions of New Species of Birds, of Genera Toxostoma Wagler, Tyrannula Swainson, and Plectrophanes Meyer","container-title":"Annals of the Lyceum of Natural History of New York, vol. 5, no. 4"},
{"id":"10363","author":[{"family":"del Hoyo, Josep, Andrew Elliot, and David Christie, eds."}],"issued":{"date-parts":[[2007]]},"container-title":"Handbook of the Birds of the World. Vol. 12. Picathartes to Tits and Chickadees"},
{"id":"10426","author":[{"family":"McCormack, J. E., A. T. Peterson, E. Bonaccorso, and T. B. Smith"}],"issued":{"date-parts":[[2008]]},"title":"Speciation in the highlands of Mexico: genetic and phenotypic divergence in the Mexican jay (Aphelocoma ultramarina)","container-title":"Molecular Ecology, vol. 17, issue 10"},
{"id":"20668","author":[{"family":"Boucard","given":"A."}],"issued":{"date-parts":[[1891]]},"title":"Notes on Rare Species of Humming Birds and Descriptions of Several Supposed New Species in Boucard's Museum","container-title":"The Humming Bird, vol. 1, no. 3"},
{"id":"13603","author":[{"family":"Vigors"},{"family":"Nicholas Aylward"}],"issued":{"date-parts":[[1837]]},"container-title":"Proceedings of the Zoological Society of London, vol. 4, no. 45"},
{"id":"20662","author":[{"family":"Sornoza-Molina, Francisco, Juan F. Freile, Jonas Nilsson, Niels Krabbe, and Elisa Bonaccorso"}],"issued":{"date-parts":[[2018]]},"title":"A striking, critically endangered, new species of hillstar (Trochilidae:Oreotrochilus) from the southwestern Andes of Ecuador","container-title":"The Auk, vol. 135, no. 4"},
{"id":"18731","author":[{"family":"Dickinson, Edward C., Murray D. Bruce, and Normand David"}],"issued":{"date-parts":[[2015]]},"title":"A review of the authorship and dates of publication of birds newly described from the \"Voyage de la Coquille\" (1822-1825) with comments on some spellings","container-title":"Zoological Bibliography, vol. 3, no. 5"},
{"id":"13297","author":[{"family":"Rothschild"},{"family":"Walter"}],"issued":{"date-parts":[[1892]]},"title":"Descriptions of Seven new Species of Birds from the Sandwich Islands","container-title":"Annals and Magazine of Natural History, ser. 6, vol. 10, part 55"},
{"id":"10456","author":[{"family":"Fish and Wildlife Service","given":"U. S."}],"issued":{"date-parts":[[1984]]},"title":"Endangered and Threatened Wildlife and Plants; Determination of Endangered Status for Seven Birds and Two Bats of Guam and the Northern Mariana Islands","container-title":"Federal Register, vol. 49, no. 167"},
{"id":"10491","author":[{"family":"Isler, Morton L., Andrés M. Cuervo, Gustavo A. Bravo, and Robb T. Brumfield"}],"issued":{"date-parts":[[2012]]},"title":"An Integrative Approach to Species-Level Systematics Reveals the Depth of Diversification in an Andean Thamnophilid, the Long-tailed Antbird","container-title":"The Condor, vol. 114, no. 3"},
{"id":"16539","author":[{"family":"Blyth"},{"family":"Edward"}],"issued":{"date-parts":[[1847]]},"title":"Report of Curator, Zoological Department, for September 1847","container-title":"Journal of the Asiatic Society of Bengal, vol. 16, no. 11"},
{"id":"5369","author":[{"family":"Linné"},{"family":"Carl von"}],"issued":{"date-parts":[[1766]]},"container-title":"Systema naturae per regna tria naturae, secundum classes, ordines, genera, species, cum characteribus, differentiis, synonymis, locis, 12th Edition, vol. 1"},
{"id":"13510","author":[{"family":"Howell, Steve N. G., Ian Lewington, and Will Russell"}],"issued":{"date-parts":[[2014]]},"container-title":"Rare Birds of North America"},
{"id":"10418","author":[{"family":"Nelson","given":"E. C."}],"issued":{"date-parts":[[1998]]},"title":"John White's Journal of a voyage to new South Wales (London 1790): bibliogrpahic notes","container-title":"Archives of Natural History, vol. 25, no. 1"},
{"id":"10435","author":[{"family":"Fuchs, Jérôme, Martin Irestedt, Jon Fjeldså, Arnaud Couloux, Eric Pasquet, and Rauri C. K. Bowie"}],"issued":{"date-parts":[[2012]]},"title":"Molecular phylogeny of African bush-shrikes and allies: Tracing the biogeographic history of an explosive radiation of corvoid birds","container-title":"Molecular Phylogenetics and Evolution, vol. 64, no. 1"},
{"id":"6093","author":[{"family":"Roux, J. P., P. Jouventin, J. L. Mougin, J. C. Stahl, and H. Weimerskirch"}],"issued":{"date-parts":[[1983]]},"title":"Un nouvel albatros Diomedea amsterdamensis n. sp. decouvert sur L'ile Amsterdam (37°50'S, 77°35'E)","container-title":"Oiseau et la Revue Francaise d'Ornithologie, vol. 53, no. 1"},
{"id":"10372","author":[{"family":"Mayr, Ernst, and G. William Cottrell, eds."}],"issued":{"date-parts":[[1986]]},"container-title":"Check-list of Birds of the World, vol. 11"},
{"id":"13216","author":[{"family":"Campbell, Wayne, Neil K. Dawe, Ian McTaggart-Cowan, John M. Cooper, Gary W. Kaiser, et al."}],"issued":{"date-parts":[[2001]]},"container-title":"The Birds of British Columbia Volume 4. Passerines. Wood Warblers through Old World Sparrows"},
{"id":"10516","author":[{"family":"Driskell, Amy, Les Christidis, B. J. Gill, Walter E. Boles, F. Keith Barker, and N. W. Longmore"}],"issued":{"date-parts":[[2007]]},"title":"A new endemic family of New Zealand passerine birds: adding heat to a biodiversity hotspot","container-title":"Australian Journal of Zoology, vol. 55, no. 2"},
{"id":"6101","author":[{"family":"American Ornithologists' Union"}],"issued":{"date-parts":[[2002]]},"title":"Forty-third supplement to the American Ornithologists' Union Check-list of North American Birds","container-title":"The Auk, vol. 119, no. 3"},
{"id":"20671","author":[{"family":"Vigors","given":"N. A."}],"issued":{"date-parts":[[1831]]},"title":"Characters of a New Species of Humming-Bird","container-title":"Proceedings of the Committee of Science and Correspondence of the Zoological Society of London, vol. 1, no. 1"}
]
